run_id,variant,model,prompt_strategy,tier,tier_order,database,question,gold_sql,generated_sql,outcome,correct,executed,silent_failure,error_type,confidence,confidence_bucket,gold_rows,returned_rows,tokens,cost_usd,latency_ms
1,V1,Llama 3.1 8B,zero-shot,complex,3,apartment_rentals,Find the number of apartments that have no facility.,SELECT count(*) FROM Apartments WHERE apt_id NOT IN (SELECT apt_id FROM Apartment_Facilities),SELECT COUNT(DISTINCT a.apt_id) FROM Apartments a LEFT JOIN Apartment_Facilities af ON a.apt_id = af.apt_id WHERE af.apt_id IS NULL,Correct,1,1,0,none,1.0,0.9 to 1.0,1,1,565,0.000030,5562
2,V1,Llama 3.1 8B,zero-shot,complex,3,apartment_rentals,Which apartment type code appears the most often?,SELECT apt_type_code FROM Apartments GROUP BY apt_type_code ORDER BY count(*) DESC LIMIT 1,"SELECT apt_type_code, COUNT(*) as count FROM Apartments GROUP BY apt_type_code ORDER BY count DESC LIMIT 1",Silent failure,0,1,1,wrong_projection,1.0,0.9 to 1.0,1,1,551,0.000029,10217
3,V2,Llama 3.1 8B,few-shot,complex,3,apartment_rentals,Find the number of apartments that have no facility.,SELECT count(*) FROM Apartments WHERE apt_id NOT IN (SELECT apt_id FROM Apartment_Facilities),SELECT COUNT(T1.apt_id) FROM Apartments AS T1 LEFT JOIN Apartment_Facilities AS T2 ON T1.apt_id = T2.apt_id WHERE T2.facility_code IS NULL,Correct,1,1,0,none,0.95,0.9 to 1.0,1,1,1199,0.000062,7340
4,V2,Llama 3.1 8B,few-shot,complex,3,apartment_rentals,Which apartment type code appears the most often?,SELECT apt_type_code FROM Apartments GROUP BY apt_type_code ORDER BY count(*) DESC LIMIT 1,SELECT apt_type_code FROM Apartments GROUP BY apt_type_code ORDER BY COUNT(apt_type_code) DESC LIMIT 1,Correct,1,1,0,none,0.9,0.9 to 1.0,1,1,1179,0.000060,11436
5,V3,Llama 3.1 70B,zero-shot,complex,3,apartment_rentals,Which apartment type code appears the most often?,SELECT apt_type_code FROM Apartments GROUP BY apt_type_code ORDER BY count(*) DESC LIMIT 1,SELECT apt_type_code FROM Apartments GROUP BY apt_type_code ORDER BY COUNT(apt_id) DESC LIMIT 1,Correct,1,1,0,none,1.0,0.9 to 1.0,1,1,550,0.000333,2500
6,V3,Llama 3.1 70B,zero-shot,complex,3,apartment_rentals,Find the number of apartments that have no facility.,SELECT count(*) FROM Apartments WHERE apt_id NOT IN (SELECT apt_id FROM Apartment_Facilities),SELECT COUNT(a.apt_id) FROM Apartments a LEFT JOIN Apartment_Facilities f ON a.apt_id = f.apt_id WHERE f.facility_code IS NULL,Correct,1,1,0,none,1.0,0.9 to 1.0,1,1,562,0.000342,2397
7,V4,Llama 3.1 70B,few-shot,complex,3,apartment_rentals,Which apartment type code appears the most often?,SELECT apt_type_code FROM Apartments GROUP BY apt_type_code ORDER BY count(*) DESC LIMIT 1,SELECT apt_type_code FROM Apartments GROUP BY apt_type_code ORDER BY COUNT(apt_id) DESC LIMIT 1,Correct,1,1,0,none,0.9,0.9 to 1.0,1,1,1178,0.000702,5302
8,V4,Llama 3.1 70B,few-shot,complex,3,apartment_rentals,Find the number of apartments that have no facility.,SELECT count(*) FROM Apartments WHERE apt_id NOT IN (SELECT apt_id FROM Apartment_Facilities),SELECT COUNT(*) FROM Apartments WHERE apt_id NOT IN (SELECT apt_id FROM Apartment_Facilities),Correct,1,1,0,none,0.9,0.9 to 1.0,1,1,1176,0.000701,5631
9,V1,Llama 3.1 8B,zero-shot,complex,3,bike_1,Find the id for the trips that lasted at least as long as the average duration of trips in zip code 94103.,SELECT id FROM trip WHERE duration >= (SELECT avg(duration) FROM trip WHERE zip_code = 94103),SELECT T1.id FROM trip AS T1 JOIN weather AS T2 ON T1.zip_code = T2.zip_code WHERE T1.duration >= (SELECT AVG(duration) FROM trip WHERE zip_code = 94103),Silent failure,0,1,1,wrong_join,0.9,0.9 to 1.0,4871,10000,522,0.000028,309
10,V2,Llama 3.1 8B,few-shot,complex,3,bike_1,Find the id for the trips that lasted at least as long as the average duration of trips in zip code 94103.,SELECT id FROM trip WHERE duration >= (SELECT avg(duration) FROM trip WHERE zip_code = 94103),SELECT id FROM trip WHERE duration >= (SELECT AVG(duration) FROM trip WHERE zip_code = 94103),Correct,1,1,0,none,0.95,0.9 to 1.0,4871,4871,1129,0.000058,385
11,V3,Llama 3.1 70B,zero-shot,complex,3,bike_1,Find the id for the trips that lasted at least as long as the average duration of trips in zip code 94103.,SELECT id FROM trip WHERE duration >= (SELECT avg(duration) FROM trip WHERE zip_code = 94103),SELECT id FROM trip WHERE duration >= (SELECT AVG(duration) FROM trip WHERE zip_code = 94103),Correct,1,1,0,none,1.0,0.9 to 1.0,4871,4871,503,0.000305,375
12,V4,Llama 3.1 70B,few-shot,complex,3,bike_1,Find the id for the trips that lasted at least as long as the average duration of trips in zip code 94103.,SELECT id FROM trip WHERE duration >= (SELECT avg(duration) FROM trip WHERE zip_code = 94103),SELECT id FROM trip WHERE duration >= (SELECT AVG(duration) FROM trip WHERE zip_code = 94103),Correct,1,1,0,none,0.9,0.9 to 1.0,4871,4871,1129,0.000673,292
13,V1,Llama 3.1 8B,zero-shot,complex,3,climbing,What is the height of the mountain climbined by the climbing who had the most points?,SELECT T2.Height FROM climber AS T1 JOIN mountain AS T2 ON T1.Mountain_ID = T2.Mountain_ID ORDER BY T1.Points DESC LIMIT 1,SELECT M.Height FROM climber C JOIN mountain M ON C.Mountain_ID = M.Mountain_ID WHERE C.Points = (SELECT MAX(Points) FROM climber),Correct,1,1,0,none,0.9,0.9 to 1.0,1,1,300,0.000017,3405
14,V2,Llama 3.1 8B,few-shot,complex,3,climbing,What is the height of the mountain climbined by the climbing who had the most points?,SELECT T2.Height FROM climber AS T1 JOIN mountain AS T2 ON T1.Mountain_ID = T2.Mountain_ID ORDER BY T1.Points DESC LIMIT 1,SELECT T2.Height FROM climber AS T1 JOIN mountain AS T2 ON T1.Mountain_ID = T2.Mountain_ID ORDER BY T1.Points DESC LIMIT 1,Correct,1,1,0,none,0.9,0.9 to 1.0,1,1,932,0.000048,8547
15,V3,Llama 3.1 70B,zero-shot,complex,3,climbing,What is the height of the mountain climbined by the climbing who had the most points?,SELECT T2.Height FROM climber AS T1 JOIN mountain AS T2 ON T1.Mountain_ID = T2.Mountain_ID ORDER BY T1.Points DESC LIMIT 1,SELECT T2.Height FROM climber AS T1 INNER JOIN mountain AS T2 ON T1.Mountain_ID = T2.Mountain_ID ORDER BY T1.Points DESC LIMIT 1,Correct,1,1,0,none,0.9,0.9 to 1.0,1,1,306,0.000192,1522
16,V4,Llama 3.1 70B,few-shot,complex,3,climbing,What is the height of the mountain climbined by the climbing who had the most points?,SELECT T2.Height FROM climber AS T1 JOIN mountain AS T2 ON T1.Mountain_ID = T2.Mountain_ID ORDER BY T1.Points DESC LIMIT 1,SELECT T2.Height FROM climber AS T1 JOIN mountain AS T2 ON T1.Mountain_ID = T2.Mountain_ID ORDER BY T1.Points DESC LIMIT 1,Correct,1,1,0,none,0.9,0.9 to 1.0,1,1,932,0.000560,3324
17,V1,Llama 3.1 8B,zero-shot,complex,3,club_1,"Compute the average age of the members in the club ""Tennis Club"".","SELECT avg(t3.age) FROM club AS t1 JOIN member_of_club AS t2 ON t1.clubid = t2.clubid JOIN student AS t3 ON t2.stuid = t3.stuid WHERE t1.clubname = ""Tennis Club""",SELECT AVG(T1.Age) FROM Student AS T1 JOIN Member_of_club AS T2 ON T1.StuID = T2.StuID JOIN Club AS T3 ON T2.ClubID = T3.ClubID WHERE T3.ClubName = 'Tennis Club',Correct,1,1,0,none,1.0,0.9 to 1.0,1,1,365,0.000021,4539
18,V2,Llama 3.1 8B,few-shot,complex,3,club_1,"Compute the average age of the members in the club ""Tennis Club"".","SELECT avg(t3.age) FROM club AS t1 JOIN member_of_club AS t2 ON t1.clubid = t2.clubid JOIN student AS t3 ON t2.stuid = t3.stuid WHERE t1.clubname = ""Tennis Club""",SELECT AVG(T2.age) FROM Club AS T1 JOIN Member_of_club AS T2 ON T1.clubid = T2.clubid WHERE T1.clubname = 'Tennis Club',Loud error,0,0,0,schema_error,0.95,0.9 to 1.0,1,,973,0.000050,10344
19,V3,Llama 3.1 70B,zero-shot,complex,3,club_1,"Compute the average age of the members in the club ""Tennis Club"".","SELECT avg(t3.age) FROM club AS t1 JOIN member_of_club AS t2 ON t1.clubid = t2.clubid JOIN student AS t3 ON t2.stuid = t3.stuid WHERE t1.clubname = ""Tennis Club""",SELECT AVG(S.Age) FROM Student S JOIN Member_of_club M ON S.StuID = M.StuID JOIN Club C ON M.ClubID = C.ClubID WHERE C.ClubName = 'Tennis Club',Correct,1,1,0,none,1.0,0.9 to 1.0,1,1,353,0.000221,2532
20,V4,Llama 3.1 70B,few-shot,complex,3,club_1,"Compute the average age of the members in the club ""Tennis Club"".","SELECT avg(t3.age) FROM club AS t1 JOIN member_of_club AS t2 ON t1.clubid = t2.clubid JOIN student AS t3 ON t2.stuid = t3.stuid WHERE t1.clubname = ""Tennis Club""",SELECT AVG(T1.Age) FROM Student AS T1 JOIN Member_of_club AS T2 ON T1.StuID = T2.StuID JOIN Club AS T3 ON T2.ClubID = T3.ClubID WHERE T3.ClubName = 'Tennis Club',Correct,1,1,0,none,0.9,0.9 to 1.0,1,1,997,0.000604,4539
21,V1,Llama 3.1 8B,zero-shot,complex,3,coffee_shop,What is the membership card held by both members living in Hartford and ones living in Waterbury address?,SELECT membership_card FROM member WHERE address = 'Hartford' INTERSECT SELECT membership_card FROM member WHERE address = 'Waterbury',SELECT DISTINCT T1.Membership_card FROM member AS T1 JOIN member AS T2 ON T1.Member_ID != T2.Member_ID WHERE T1.Address = 'Hartford' AND T2.Address = 'Waterbury',Correct,1,1,0,none,0.9,0.9 to 1.0,1,1,410,0.000022,3320
22,V2,Llama 3.1 8B,few-shot,complex,3,coffee_shop,What is the membership card held by both members living in Hartford and ones living in Waterbury address?,SELECT membership_card FROM member WHERE address = 'Hartford' INTERSECT SELECT membership_card FROM member WHERE address = 'Waterbury',SELECT DISTINCT T1.membership_card FROM member AS T1 JOIN happy_hour_member AS T2 ON T1.member_id = T2.member_id WHERE T1.address = 'Hartford' INTERSECT SELECT DISTINCT T1.membership_card FROM member AS T1 JOIN happy_hour_member AS T2 ON T1.member_id = T2.member_id WHERE T1.address = 'Waterbury',Silent failure,0,1,1,wrong_join,0.8,0.7 to 0.9,1,0,1073,0.000056,9570
23,V3,Llama 3.1 70B,zero-shot,complex,3,coffee_shop,What is the membership card held by both members living in Hartford and ones living in Waterbury address?,SELECT membership_card FROM member WHERE address = 'Hartford' INTERSECT SELECT membership_card FROM member WHERE address = 'Waterbury',SELECT Membership_card FROM member WHERE Address = 'Hartford' INTERSECT SELECT Membership_card FROM member WHERE Address = 'Waterbury',Correct,1,1,0,none,0.9,0.9 to 1.0,1,1,395,0.000243,1448
24,V4,Llama 3.1 70B,few-shot,complex,3,coffee_shop,What is the membership card held by both members living in Hartford and ones living in Waterbury address?,SELECT membership_card FROM member WHERE address = 'Hartford' INTERSECT SELECT membership_card FROM member WHERE address = 'Waterbury',SELECT Membership_card FROM member WHERE Address = 'Hartford' INTERSECT SELECT Membership_card FROM member WHERE Address = 'Waterbury',Correct,1,1,0,none,0.9,0.9 to 1.0,1,1,1021,0.000611,5472
25,V1,Llama 3.1 8B,zero-shot,complex,3,college_1,"What is the first, last name, gpa of the youngest one among students whose GPA is above 3?","SELECT stu_fname , stu_lname , stu_gpa FROM student WHERE stu_gpa > 3 ORDER BY stu_dob DESC LIMIT 1","SELECT STU_FNAME, STU_LNAME, STU_GPA FROM STUDENT WHERE STU_GPA > 3 ORDER BY STU_DOB DESC LIMIT 1",Correct,1,1,0,none,1.0,0.9 to 1.0,1,1,662,0.000035,11476
26,V2,Llama 3.1 8B,few-shot,complex,3,college_1,"What is the first, last name, gpa of the youngest one among students whose GPA is above 3?","SELECT stu_fname , stu_lname , stu_gpa FROM student WHERE stu_gpa > 3 ORDER BY stu_dob DESC LIMIT 1","SELECT STU_FNAME, STU_LNAME, STU_GPA FROM STUDENT WHERE STU_GPA > 3 ORDER BY STU_DOB DESC LIMIT 1",Correct,1,1,0,none,0.95,0.9 to 1.0,1,1,1290,0.000066,13513
27,V3,Llama 3.1 70B,zero-shot,complex,3,college_1,"What is the first, last name, gpa of the youngest one among students whose GPA is above 3?","SELECT stu_fname , stu_lname , stu_gpa FROM student WHERE stu_gpa > 3 ORDER BY stu_dob DESC LIMIT 1","SELECT STU_FNAME, STU_LNAME, STU_GPA FROM STUDENT WHERE STU_GPA > 3 ORDER BY STU_DOB DESC LIMIT 1",Correct,1,1,0,none,1.0,0.9 to 1.0,1,1,662,0.000402,3418
28,V4,Llama 3.1 70B,few-shot,complex,3,college_1,"What is the first, last name, gpa of the youngest one among students whose GPA is above 3?","SELECT stu_fname , stu_lname , stu_gpa FROM student WHERE stu_gpa > 3 ORDER BY stu_dob DESC LIMIT 1","SELECT STU_FNAME, STU_LNAME, STU_GPA FROM STUDENT WHERE STU_GPA > 3 ORDER BY STU_DOB DESC LIMIT 1",Correct,1,1,0,none,0.9,0.9 to 1.0,1,1,1290,0.000771,5976
29,V1,Llama 3.1 8B,zero-shot,complex,3,college_2,What are the names of students who took a course in the Fall of 2003?,SELECT name FROM student WHERE id IN (SELECT id FROM takes WHERE semester = 'Fall' AND YEAR = 2003),SELECT DISTINCT T1.name FROM student AS T1 JOIN takes AS T2 ON T1.ID = T2.ID WHERE T2.semester = 'Fall' AND T2.year = 2003,Silent failure,0,1,1,wrong_filter,1.0,0.9 to 1.0,1278,1093,1202,0.000062,11556
30,V1,Llama 3.1 8B,zero-shot,complex,3,college_2,What are the names and salaries of instructors who advises students in the History department?,"SELECT T2.name , T2.salary FROM advisor AS T1 JOIN instructor AS T2 ON T1.i_id = T2.id JOIN student AS T3 ON T1.s_id = T3.id WHERE T3.dept_name = 'History'","SELECT i.name, i.salary FROM instructor i JOIN advisor a ON i.ID = a.i_ID JOIN student s ON a.s_ID = s.ID JOIN department d ON s.dept_name = d.dept_name WHERE d.dept_name = 'History'",Correct,1,1,0,none,1.0,0.9 to 1.0,117,117,1212,0.000063,11592
31,V1,Llama 3.1 8B,zero-shot,complex,3,college_2,What are the names of students who haven't taken any Biology courses?,SELECT name FROM student WHERE id NOT IN (SELECT T1.id FROM takes AS T1 JOIN course AS T2 ON T1.course_id = T2.course_id WHERE T2.dept_name = 'Biology'),SELECT name FROM student WHERE ID NOT IN ( SELECT ID FROM takes JOIN course ON takes.course_id = course.course_id WHERE course.dept_name = 'Biology' ),Correct,1,1,0,none,0.9,0.9 to 1.0,1207,1207,1197,0.000062,355
32,V2,Llama 3.1 8B,few-shot,complex,3,college_2,What are the names of students who took a course in the Fall of 2003?,SELECT name FROM student WHERE id IN (SELECT id FROM takes WHERE semester = 'Fall' AND YEAR = 2003),SELECT T1.name FROM student AS T1 JOIN takes AS T2 ON T1.ID = T2.ID WHERE T2.semester = 'Fall' AND T2.year = 2003,Silent failure,0,1,1,wrong_filter,0.95,0.9 to 1.0,1278,1848,1830,0.000093,17418
33,V2,Llama 3.1 8B,few-shot,complex,3,college_2,What are the names and salaries of instructors who advises students in the History department?,"SELECT T2.name , T2.salary FROM advisor AS T1 JOIN instructor AS T2 ON T1.i_id = T2.id JOIN student AS T3 ON T1.s_id = T3.id WHERE T3.dept_name = 'History'","SELECT T1.name , T1.salary FROM instructor AS T1 JOIN advisor AS T2 ON T1.ID = T2.i_ID JOIN student AS T3 ON T2.s_ID = T3.ID JOIN department AS T4 ON T3.dept_name = T4.dept_name WHERE T4.dept_name = 'History'",Correct,1,1,0,none,0.95,0.9 to 1.0,117,117,1856,0.000095,18488
34,V2,Llama 3.1 8B,few-shot,complex,3,college_2,What are the names of students who haven't taken any Biology courses?,SELECT name FROM student WHERE id NOT IN (SELECT T1.id FROM takes AS T1 JOIN course AS T2 ON T1.course_id = T2.course_id WHERE T2.dept_name = 'Biology'),SELECT name FROM student WHERE ID NOT IN (SELECT ID FROM takes WHERE course_id IN (SELECT course_id FROM course WHERE dept_name = 'Biology')),Correct,1,1,0,none,0.95,0.9 to 1.0,1207,1207,1817,0.000092,18450
35,V3,Llama 3.1 70B,zero-shot,complex,3,college_2,What are the names of students who took a course in the Fall of 2003?,SELECT name FROM student WHERE id IN (SELECT id FROM takes WHERE semester = 'Fall' AND YEAR = 2003),SELECT DISTINCT S.name FROM student S JOIN takes T ON S.ID = T.ID WHERE T.semester = 'Fall' AND T.year = 2003,Silent failure,0,1,1,wrong_filter,1.0,0.9 to 1.0,1278,1093,1193,0.000714,6332
36,V3,Llama 3.1 70B,zero-shot,complex,3,college_2,What are the names of students who haven't taken any Biology courses?,SELECT name FROM student WHERE id NOT IN (SELECT T1.id FROM takes AS T1 JOIN course AS T2 ON T1.course_id = T2.course_id WHERE T2.dept_name = 'Biology'),SELECT name FROM student WHERE ID NOT IN ( SELECT T1.ID FROM takes AS T1 INNER JOIN course AS T2 ON T1.course_id = T2.course_id WHERE T2.dept_name = 'Biology' ),Correct,1,1,0,none,0.9,0.9 to 1.0,1207,1207,1211,0.000729,616
37,V3,Llama 3.1 70B,zero-shot,complex,3,college_2,What are the names and salaries of instructors who advises students in the History department?,"SELECT T2.name , T2.salary FROM advisor AS T1 JOIN instructor AS T2 ON T1.i_id = T2.id JOIN student AS T3 ON T1.s_id = T3.id WHERE T3.dept_name = 'History'","SELECT DISTINCT i.name, i.salary FROM instructor i JOIN advisor a ON i.ID = a.i_ID JOIN student s ON a.s_ID = s.ID WHERE s.dept_name = 'History'",Silent failure,0,1,1,wrong_filter,1.0,0.9 to 1.0,117,47,1199,0.000719,377
38,V4,Llama 3.1 70B,few-shot,complex,3,college_2,What are the names of students who took a course in the Fall of 2003?,SELECT name FROM student WHERE id IN (SELECT id FROM takes WHERE semester = 'Fall' AND YEAR = 2003),SELECT T1.name FROM student AS T1 JOIN takes AS T2 ON T1.ID = T2.ID WHERE T2.semester = 'Fall' AND T2.year = 2003,Silent failure,0,1,1,wrong_filter,0.9,0.9 to 1.0,1278,1848,1830,0.001091,9659
39,V4,Llama 3.1 70B,few-shot,complex,3,college_2,What are the names and salaries of instructors who advises students in the History department?,"SELECT T2.name , T2.salary FROM advisor AS T1 JOIN instructor AS T2 ON T1.i_id = T2.id JOIN student AS T3 ON T1.s_id = T3.id WHERE T3.dept_name = 'History'","SELECT T1.name, T1.salary FROM instructor AS T1 JOIN advisor AS T2 ON T1.ID = T2.i_ID JOIN student AS T3 ON T2.s_ID = T3.ID WHERE T3.dept_name = 'History'",Correct,1,1,0,none,0.9,0.9 to 1.0,117,117,1843,0.001101,9496
40,V4,Llama 3.1 70B,few-shot,complex,3,college_2,What are the names of students who haven't taken any Biology courses?,SELECT name FROM student WHERE id NOT IN (SELECT T1.id FROM takes AS T1 JOIN course AS T2 ON T1.course_id = T2.course_id WHERE T2.dept_name = 'Biology'),SELECT name FROM student WHERE ID NOT IN ( SELECT T1.ID FROM takes AS T1 JOIN course AS T2 ON T1.course_id = T2.course_id WHERE T2.dept_name = 'Biology' ),Correct,1,1,0,none,0.9,0.9 to 1.0,1207,1207,1841,0.001100,9671
41,V1,Llama 3.1 8B,zero-shot,complex,3,county_public_safety,What are the names of cities that are in counties that have a crime rate below 100?,SELECT name FROM city WHERE county_id IN (SELECT county_id FROM county_public_safety WHERE Crime_rate < 100),SELECT c.Name FROM city c JOIN county_public_safety cps ON c.County_ID = cps.County_ID WHERE cps.Crime_rate < 100,Correct,1,1,0,none,1.0,0.9 to 1.0,2,2,341,0.000019,3405
42,V2,Llama 3.1 8B,few-shot,complex,3,county_public_safety,What are the names of cities that are in counties that have a crime rate below 100?,SELECT name FROM city WHERE county_id IN (SELECT county_id FROM county_public_safety WHERE Crime_rate < 100),SELECT T1.name FROM city AS T1 JOIN county_public_safety AS T2 ON T1.county_id = T2.county_id WHERE T2.crime_rate < 100,Correct,1,1,0,none,0.95,0.9 to 1.0,2,2,977,0.000050,13646
43,V3,Llama 3.1 70B,zero-shot,complex,3,county_public_safety,What are the names of cities that are in counties that have a crime rate below 100?,SELECT name FROM city WHERE county_id IN (SELECT county_id FROM county_public_safety WHERE Crime_rate < 100),SELECT T1.Name FROM city AS T1 INNER JOIN county_public_safety AS T2 ON T1.County_ID = T2.County_ID WHERE T2.Crime_rate < 100,Correct,1,1,0,none,1.0,0.9 to 1.0,2,2,351,0.000219,2510
44,V4,Llama 3.1 70B,few-shot,complex,3,county_public_safety,What are the names of cities that are in counties that have a crime rate below 100?,SELECT name FROM city WHERE county_id IN (SELECT county_id FROM county_public_safety WHERE Crime_rate < 100),SELECT T1.Name FROM city AS T1 JOIN county_public_safety AS T2 ON T1.County_ID = T2.County_ID WHERE T2.Crime_rate < 100,Correct,1,1,0,none,0.9,0.9 to 1.0,2,2,978,0.000588,4501
45,V1,Llama 3.1 8B,zero-shot,complex,3,course_teach,Show names of teachers and the courses they are arranged to teach in ascending alphabetical order of the teacher's name.,"SELECT T3.Name , T2.Course FROM course_arrange AS T1 JOIN course AS T2 ON T1.Course_ID = T2.Course_ID JOIN teacher AS T3 ON T1.Teacher_ID = T3.Teacher_ID ORDER BY T3.Name","SELECT T1.Name, T2.Course FROM teacher AS T1 JOIN course_arrange AS T2 ON T1.Teacher_ID = T2.Teacher_ID JOIN course AS T3 ON T2.Course_ID = T3.Course_ID ORDER BY T1.Name ASC",Loud error,0,0,0,schema_error,1.0,0.9 to 1.0,6,,344,0.000019,2395
46,V2,Llama 3.1 8B,few-shot,complex,3,course_teach,Show names of teachers and the courses they are arranged to teach in ascending alphabetical order of the teacher's name.,"SELECT T3.Name , T2.Course FROM course_arrange AS T1 JOIN course AS T2 ON T1.Course_ID = T2.Course_ID JOIN teacher AS T3 ON T1.Teacher_ID = T3.Teacher_ID ORDER BY T3.Name","SELECT T1.name , T2.course FROM teacher AS T1 JOIN course_arrange AS T2 ON T1.teacher_id = T2.teacher_id JOIN course AS T3 ON T2.course_id = T3.course_id ORDER BY T1.name ASC",Loud error,0,0,0,schema_error,0.95,0.9 to 1.0,6,,970,0.000050,9390
47,V3,Llama 3.1 70B,zero-shot,complex,3,course_teach,Show names of teachers and the courses they are arranged to teach in ascending alphabetical order of the teacher's name.,"SELECT T3.Name , T2.Course FROM course_arrange AS T1 JOIN course AS T2 ON T1.Course_ID = T2.Course_ID JOIN teacher AS T3 ON T1.Teacher_ID = T3.Teacher_ID ORDER BY T3.Name","SELECT T.Name, C.Course FROM teacher T JOIN course_arrange CA ON T.Teacher_ID = CA.Teacher_ID JOIN course C ON CA.Course_ID = C.Course_ID ORDER BY T.Name ASC",Correct,1,1,0,none,1.0,0.9 to 1.0,6,6,331,0.000207,2272
48,V4,Llama 3.1 70B,few-shot,complex,3,course_teach,Show names of teachers and the courses they are arranged to teach in ascending alphabetical order of the teacher's name.,"SELECT T3.Name , T2.Course FROM course_arrange AS T1 JOIN course AS T2 ON T1.Course_ID = T2.Course_ID JOIN teacher AS T3 ON T1.Teacher_ID = T3.Teacher_ID ORDER BY T3.Name","SELECT T1.Name, T3.Course FROM teacher AS T1 JOIN course_arrange AS T2 ON T1.Teacher_ID = T2.Teacher_ID JOIN course AS T3 ON T2.Course_ID = T3.Course_ID ORDER BY T1.Name ASC",Correct,1,1,0,none,0.9,0.9 to 1.0,6,6,976,0.000590,890
49,V1,Llama 3.1 8B,zero-shot,complex,3,csu_1,Which year has the most degrees conferred?,SELECT YEAR FROM degrees GROUP BY YEAR ORDER BY sum(degrees) DESC LIMIT 1,"SELECT Year, Degrees FROM degrees ORDER BY Degrees DESC LIMIT 1",Silent failure,0,1,1,wrong_aggregation,1.0,0.9 to 1.0,1,1,480,0.000025,10358
50,V1,Llama 3.1 8B,zero-shot,complex,3,csu_1,What campus has the most faculties in 2003?,SELECT T1.campus FROM campuses AS T1 JOIN faculty AS T2 ON T1.id = T2.campus WHERE T2.year = 2003 ORDER BY T2.faculty DESC LIMIT 1,SELECT Campus FROM faculty WHERE Year = 2003 ORDER BY Faculty DESC LIMIT 1,Silent failure,0,1,1,wrong_join,1.0,0.9 to 1.0,1,1,488,0.000025,5487
51,V2,Llama 3.1 8B,few-shot,complex,3,csu_1,Which year has the most degrees conferred?,SELECT YEAR FROM degrees GROUP BY YEAR ORDER BY sum(degrees) DESC LIMIT 1,SELECT Year FROM degrees GROUP BY Year ORDER BY COUNT(Degrees) DESC LIMIT 1,Silent failure,0,1,1,wrong_aggregation,0.9,0.9 to 1.0,1,1,1114,0.000057,11564
52,V2,Llama 3.1 8B,few-shot,complex,3,csu_1,What campus has the most faculties in 2003?,SELECT T1.campus FROM campuses AS T1 JOIN faculty AS T2 ON T1.id = T2.campus WHERE T2.year = 2003 ORDER BY T2.faculty DESC LIMIT 1,SELECT T1.campus FROM campuses AS T1 JOIN faculty AS T2 ON T1.id = T2.campus WHERE T2.year = 2003 ORDER BY T2.faculty DESC LIMIT 1,Correct,1,1,0,none,0.9,0.9 to 1.0,1,1,1141,0.000059,6498
53,V3,Llama 3.1 70B,zero-shot,complex,3,csu_1,What campus has the most faculties in 2003?,SELECT T1.campus FROM campuses AS T1 JOIN faculty AS T2 ON T1.id = T2.campus WHERE T2.year = 2003 ORDER BY T2.faculty DESC LIMIT 1,SELECT C.Campus FROM Campuses C JOIN faculty F ON C.Id = F.Campus WHERE F.Year = 2003 ORDER BY F.Faculty DESC LIMIT 1,Correct,1,1,0,none,1.0,0.9 to 1.0,1,1,507,0.000310,2402
54,V3,Llama 3.1 70B,zero-shot,complex,3,csu_1,Which year has the most degrees conferred?,SELECT YEAR FROM degrees GROUP BY YEAR ORDER BY sum(degrees) DESC LIMIT 1,SELECT Year FROM degrees GROUP BY Year ORDER BY SUM(Degrees) DESC LIMIT 1,Correct,1,1,0,none,1.0,0.9 to 1.0,1,1,486,0.000294,2500
55,V4,Llama 3.1 70B,few-shot,complex,3,csu_1,Which year has the most degrees conferred?,SELECT YEAR FROM degrees GROUP BY YEAR ORDER BY sum(degrees) DESC LIMIT 1,SELECT Year FROM degrees GROUP BY Year ORDER BY SUM(Degrees) DESC LIMIT 1,Correct,1,1,0,none,0.9,0.9 to 1.0,1,1,1114,0.000664,5668
56,V4,Llama 3.1 70B,few-shot,complex,3,csu_1,What campus has the most faculties in 2003?,SELECT T1.campus FROM campuses AS T1 JOIN faculty AS T2 ON T1.id = T2.campus WHERE T2.year = 2003 ORDER BY T2.faculty DESC LIMIT 1,SELECT T1.Campus FROM Campuses AS T1 JOIN faculty AS T2 ON T1.Id = T2.Campus WHERE T2.Year = 2003 ORDER BY T2.Faculty DESC LIMIT 1,Correct,1,1,0,none,0.9,0.9 to 1.0,1,1,1143,0.000686,5659
57,V1,Llama 3.1 8B,zero-shot,complex,3,culture_company,Show all director names who have a movie in both year 1999 and 2000.,SELECT director FROM movie WHERE YEAR = 2000 INTERSECT SELECT director FROM movie WHERE YEAR = 1999,SELECT DISTINCT T1.Director FROM movie AS T1 JOIN culture_company AS T2 ON T1.movie_id = T2.movie_id WHERE T1.Year = 1999 AND T2.movie_id IN (SELECT movie_id FROM movie WHERE YEAR = 2000),Silent failure,0,1,1,wrong_join,0.9,0.9 to 1.0,1,0,409,0.000023,4436
58,V2,Llama 3.1 8B,few-shot,complex,3,culture_company,Show all director names who have a movie in both year 1999 and 2000.,SELECT director FROM movie WHERE YEAR = 2000 INTERSECT SELECT director FROM movie WHERE YEAR = 1999,SELECT DISTINCT T1.director FROM movie AS T1 JOIN culture_company AS T2 ON T1.movie_id = T2.movie_id WHERE T1.year = 1999 AND T2.movie_id IN (SELECT movie_id FROM movie WHERE YEAR = 2000),Silent failure,0,1,1,wrong_join,0.9,0.9 to 1.0,1,0,1038,0.000054,10396
59,V3,Llama 3.1 70B,zero-shot,complex,3,culture_company,Show all director names who have a movie in both year 1999 and 2000.,SELECT director FROM movie WHERE YEAR = 2000 INTERSECT SELECT director FROM movie WHERE YEAR = 1999,SELECT Director FROM movie WHERE Year = 1999 INTERSECT SELECT Director FROM movie WHERE Year = 2000,Correct,1,1,0,none,1.0,0.9 to 1.0,1,1,382,0.000234,1298
60,V4,Llama 3.1 70B,few-shot,complex,3,culture_company,Show all director names who have a movie in both year 1999 and 2000.,SELECT director FROM movie WHERE YEAR = 2000 INTERSECT SELECT director FROM movie WHERE YEAR = 1999,SELECT Director FROM movie WHERE Year = 1999 INTERSECT SELECT Director FROM movie WHERE Year = 2000,Correct,1,1,0,none,0.9,0.9 to 1.0,1,1,1010,0.000604,424
61,V1,Llama 3.1 8B,zero-shot,complex,3,device,What is the name of the shop that has the most different kinds of devices in stock?,SELECT T2.Shop_Name FROM stock AS T1 JOIN shop AS T2 ON T1.Shop_ID = T2.Shop_ID GROUP BY T1.Shop_ID ORDER BY COUNT(*) DESC LIMIT 1,"SELECT T1.Shop_Name, COUNT(T2.Device_ID) as num_devices FROM shop AS T1 JOIN stock AS T2 ON T1.Shop_ID = T2.Shop_ID GROUP BY T1.Shop_Name ORDER BY num_devices DESC LIMIT 1",Silent failure,0,1,1,wrong_projection,1.0,0.9 to 1.0,1,1,362,0.000020,3321
62,V2,Llama 3.1 8B,few-shot,complex,3,device,What is the name of the shop that has the most different kinds of devices in stock?,SELECT T2.Shop_Name FROM stock AS T1 JOIN shop AS T2 ON T1.Shop_ID = T2.Shop_ID GROUP BY T1.Shop_ID ORDER BY COUNT(*) DESC LIMIT 1,SELECT T1.shop_name FROM shop AS T1 JOIN stock AS T2 ON T1.shop_id = T2.shop_id GROUP BY T1.shop_id ORDER BY COUNT(DISTINCT T2.device_id) DESC LIMIT 1,Correct,1,1,0,none,0.9,0.9 to 1.0,1,1,982,0.000051,10301
63,V3,Llama 3.1 70B,zero-shot,complex,3,device,What is the name of the shop that has the most different kinds of devices in stock?,SELECT T2.Shop_Name FROM stock AS T1 JOIN shop AS T2 ON T1.Shop_ID = T2.Shop_ID GROUP BY T1.Shop_ID ORDER BY COUNT(*) DESC LIMIT 1,"SELECT S.Shop_Name FROM shop S JOIN ( SELECT Shop_ID, COUNT(Device_ID) as num_devices FROM stock GROUP BY Shop_ID ) T ON S.Shop_ID = T.Shop_ID ORDER BY T.num_devices DESC LIMIT 1",Correct,1,1,0,none,1.0,0.9 to 1.0,1,1,362,0.000228,1361
64,V4,Llama 3.1 70B,few-shot,complex,3,device,What is the name of the shop that has the most different kinds of devices in stock?,SELECT T2.Shop_Name FROM stock AS T1 JOIN shop AS T2 ON T1.Shop_ID = T2.Shop_ID GROUP BY T1.Shop_ID ORDER BY COUNT(*) DESC LIMIT 1,SELECT T1.Shop_Name FROM shop AS T1 JOIN stock AS T2 ON T1.Shop_ID = T2.Shop_ID GROUP BY T1.Shop_ID ORDER BY COUNT(T2.Device_ID) DESC LIMIT 1,Correct,1,1,0,none,0.9,0.9 to 1.0,1,1,983,0.000592,2489
65,V1,Llama 3.1 8B,zero-shot,complex,3,document_management,Find the average access count of documents with the least popular structure.,SELECT avg(access_count) FROM documents GROUP BY document_structure_code ORDER BY count(*) ASC LIMIT 1,SELECT AVG(D.access_count) FROM Documents D JOIN Document_Structures DS ON D.document_structure_code = DS.document_structure_code WHERE DS.document_structure_code IN ( SELECT document_structure_code FROM Document_Structures GROUP BY document_structure_code ORDER BY COUNT(DISTINCT document_code) ASC LIMIT 1 ),Loud error,0,0,0,schema_error,0.9,0.9 to 1.0,1,,720,0.000039,6313
66,V2,Llama 3.1 8B,few-shot,complex,3,document_management,Find the average access count of documents with the least popular structure.,SELECT avg(access_count) FROM documents GROUP BY document_structure_code ORDER BY count(*) ASC LIMIT 1,SELECT AVG(access_count) FROM Documents WHERE document_structure_code IN (SELECT document_structure_code FROM Document_Structures GROUP BY document_structure_code ORDER BY COUNT(*) LIMIT 1),Correct,1,1,0,none,0.9,0.9 to 1.0,1,1,1315,0.000067,14331
67,V3,Llama 3.1 70B,zero-shot,complex,3,document_management,Find the average access count of documents with the least popular structure.,SELECT avg(access_count) FROM documents GROUP BY document_structure_code ORDER BY count(*) ASC LIMIT 1,SELECT AVG(T1.access_count) FROM Documents T1 JOIN Document_Structures T2 ON T1.document_structure_code = T2.document_structure_code WHERE T2.document_structure_code = ( SELECT document_structure_code FROM Documents GROUP BY document_structure_code ORDER BY COUNT(document_code) LIMIT 1 ),Correct,1,1,0,none,0.9,0.9 to 1.0,1,1,721,0.000443,1777
68,V4,Llama 3.1 70B,few-shot,complex,3,document_management,Find the average access count of documents with the least popular structure.,SELECT avg(access_count) FROM documents GROUP BY document_structure_code ORDER BY count(*) ASC LIMIT 1,SELECT AVG(T1.access_count) FROM Documents AS T1 JOIN Document_Structures AS T2 ON T1.document_structure_code = T2.document_structure_code WHERE T2.document_structure_code = ( SELECT document_structure_code FROM Documents GROUP BY document_structure_code ORDER BY COUNT(*) LIMIT 1 ),Correct,1,1,0,none,0.8,0.7 to 0.9,1,1,1353,0.000815,9880
69,V1,Llama 3.1 8B,zero-shot,complex,3,dog_kennels,Which states have both owners and professionals living there?,SELECT state FROM Owners INTERSECT SELECT state FROM Professionals,SELECT DISTINCT T1.state FROM Owners AS T1 INNER JOIN Professionals AS T2 ON T1.state = T2.state,Correct,1,1,0,none,1.0,0.9 to 1.0,3,3,787,0.000041,9453
70,V2,Llama 3.1 8B,few-shot,complex,3,dog_kennels,Which states have both owners and professionals living there?,SELECT state FROM Owners INTERSECT SELECT state FROM Professionals,SELECT DISTINCT T1.state FROM Owners AS T1 JOIN Professionals AS T2 ON T1.state = T2.state,Correct,1,1,0,none,0.95,0.9 to 1.0,3,3,1415,0.000072,14653
71,V3,Llama 3.1 70B,zero-shot,complex,3,dog_kennels,Which states have both owners and professionals living there?,SELECT state FROM Owners INTERSECT SELECT state FROM Professionals,SELECT DISTINCT o.state FROM Owners o INNER JOIN Professionals p ON o.state = p.state,Correct,1,1,0,none,1.0,0.9 to 1.0,3,3,780,0.000467,451
72,V4,Llama 3.1 70B,few-shot,complex,3,dog_kennels,Which states have both owners and professionals living there?,SELECT state FROM Owners INTERSECT SELECT state FROM Professionals,SELECT state FROM Owners INTERSECT SELECT state FROM Professionals,Correct,1,1,0,none,0.9,0.9 to 1.0,3,3,1403,0.000833,6490
73,V1,Llama 3.1 8B,zero-shot,complex,3,epinions_1,Find the name and id of the item with the highest average rating.,"SELECT T1.title , T1.i_id FROM item AS T1 JOIN review AS T2 ON T1.i_id = T2.i_id GROUP BY T2.i_id ORDER BY avg(T2.rating) DESC LIMIT 1","SELECT i.title, i.i_id FROM item i JOIN ( SELECT i.i_id, AVG(r.rating) as avg_rating FROM review r JOIN item i ON r.i_id = i.i_id GROUP BY i.i_id ) AS avg_ratings ON i.i_id = avg_ratings.i_id ORDER BY avg_ratings.avg_rating DESC LIMIT 1",Correct,1,1,0,none,0.9,0.9 to 1.0,1,1,455,0.000026,584
74,V2,Llama 3.1 8B,few-shot,complex,3,epinions_1,Find the name and id of the item with the highest average rating.,"SELECT T1.title , T1.i_id FROM item AS T1 JOIN review AS T2 ON T1.i_id = T2.i_id GROUP BY T2.i_id ORDER BY avg(T2.rating) DESC LIMIT 1","SELECT T1.title, T1.i_id FROM item AS T1 JOIN review AS T2 ON T1.i_id = T2.i_id GROUP BY T1.i_id ORDER BY AVG(T2.rating) DESC LIMIT 1",Correct,1,1,0,none,0.9,0.9 to 1.0,1,1,1055,0.000055,9343
75,V3,Llama 3.1 70B,zero-shot,complex,3,epinions_1,Find the name and id of the item with the highest average rating.,"SELECT T1.title , T1.i_id FROM item AS T1 JOIN review AS T2 ON T1.i_id = T2.i_id GROUP BY T2.i_id ORDER BY avg(T2.rating) DESC LIMIT 1","SELECT i.title, i.i_id FROM item i JOIN review r ON i.i_id = r.i_id GROUP BY i.i_id, i.title ORDER BY AVG(r.rating) DESC LIMIT 1",Correct,1,1,0,none,1.0,0.9 to 1.0,1,1,421,0.000260,530
76,V4,Llama 3.1 70B,few-shot,complex,3,epinions_1,Find the name and id of the item with the highest average rating.,"SELECT T1.title , T1.i_id FROM item AS T1 JOIN review AS T2 ON T1.i_id = T2.i_id GROUP BY T2.i_id ORDER BY avg(T2.rating) DESC LIMIT 1","SELECT T1.title, T1.i_id FROM item AS T1 JOIN review AS T2 ON T1.i_id = T2.i_id GROUP BY T1.i_id ORDER BY AVG(T2.rating) DESC LIMIT 1",Correct,1,1,0,none,0.9,0.9 to 1.0,1,1,1055,0.000635,4351
77,V1,Llama 3.1 8B,zero-shot,complex,3,film_rank,List the name of film studio that have the most number of films.,SELECT Studio FROM film GROUP BY Studio ORDER BY COUNT(*) DESC LIMIT 1,"SELECT Studio, COUNT(*) as num_films FROM film GROUP BY Studio ORDER BY num_films DESC LIMIT 1",Silent failure,0,1,1,wrong_projection,1.0,0.9 to 1.0,1,1,335,0.000018,4087
78,V2,Llama 3.1 8B,few-shot,complex,3,film_rank,List the name of film studio that have the most number of films.,SELECT Studio FROM film GROUP BY Studio ORDER BY COUNT(*) DESC LIMIT 1,SELECT Studio FROM film GROUP BY Studio ORDER BY COUNT(Film_ID) DESC LIMIT 1,Correct,1,1,0,none,0.9,0.9 to 1.0,1,1,958,0.000049,9313
79,V3,Llama 3.1 70B,zero-shot,complex,3,film_rank,List the name of film studio that have the most number of films.,SELECT Studio FROM film GROUP BY Studio ORDER BY COUNT(*) DESC LIMIT 1,SELECT Studio FROM film GROUP BY Studio ORDER BY COUNT(Film_ID) DESC LIMIT 1,Correct,1,1,0,none,1.0,0.9 to 1.0,1,1,330,0.000202,348
80,V4,Llama 3.1 70B,few-shot,complex,3,film_rank,List the name of film studio that have the most number of films.,SELECT Studio FROM film GROUP BY Studio ORDER BY COUNT(*) DESC LIMIT 1,SELECT Studio FROM film GROUP BY Studio ORDER BY COUNT(Film_ID) DESC LIMIT 1,Correct,1,1,0,none,0.9,0.9 to 1.0,1,1,958,0.000572,4328
81,V1,Llama 3.1 8B,zero-shot,complex,3,flight_2,Count the number of United Airlines flights that arrive in Aberdeen.,"SELECT count(*) FROM FLIGHTS AS T1 JOIN AIRPORTS AS T2 ON T1.DestAirport = T2.AirportCode JOIN AIRLINES AS T3 ON T3.uid = T1.Airline WHERE T2.City = ""Aberdeen"" AND T3.Airline = ""United Airlines""",SELECT COUNT(f.FlightNo) FROM flights f JOIN airports d ON f.DestAirport = d.AirportCode JOIN airlines a ON f.Airline = a.uid WHERE a.Airline = 'United Airlines' AND d.City = 'Aberdeen',Correct,1,1,0,none,0.9,0.9 to 1.0,1,1,346,0.000019,3310
82,V2,Llama 3.1 8B,few-shot,complex,3,flight_2,Count the number of United Airlines flights that arrive in Aberdeen.,"SELECT count(*) FROM FLIGHTS AS T1 JOIN AIRPORTS AS T2 ON T1.DestAirport = T2.AirportCode JOIN AIRLINES AS T3 ON T3.uid = T1.Airline WHERE T2.City = ""Aberdeen"" AND T3.Airline = ""United Airlines""",SELECT COUNT(*) FROM flights AS T1 JOIN airports AS T2 ON T1.DestAirport = T2.AirportCode JOIN airlines AS T3 ON T1.Airline = T3.uid WHERE T3.Airline = 'United Airlines' AND T2.AirportName = 'Aberdeen',Correct,1,1,0,none,0.9,0.9 to 1.0,1,1,985,0.000052,10511
83,V3,Llama 3.1 70B,zero-shot,complex,3,flight_2,Count the number of United Airlines flights that arrive in Aberdeen.,"SELECT count(*) FROM FLIGHTS AS T1 JOIN AIRPORTS AS T2 ON T1.DestAirport = T2.AirportCode JOIN AIRLINES AS T3 ON T3.uid = T1.Airline WHERE T2.City = ""Aberdeen"" AND T3.Airline = ""United Airlines""",SELECT COUNT(f.FlightNo) FROM flights f JOIN airlines a ON f.Airline = a.uid JOIN airports ap ON f.DestAirport = ap.AirportCode WHERE a.Airline = 'United Airlines' AND ap.City = 'Aberdeen',Correct,1,1,0,none,1.0,0.9 to 1.0,1,1,346,0.000219,343
84,V4,Llama 3.1 70B,few-shot,complex,3,flight_2,Count the number of United Airlines flights that arrive in Aberdeen.,"SELECT count(*) FROM FLIGHTS AS T1 JOIN AIRPORTS AS T2 ON T1.DestAirport = T2.AirportCode JOIN AIRLINES AS T3 ON T3.uid = T1.Airline WHERE T2.City = ""Aberdeen"" AND T3.Airline = ""United Airlines""",SELECT COUNT(T2.FlightNo) FROM airlines AS T1 JOIN flights AS T2 ON T1.uid = T2.Airline WHERE T1.Airline = 'United Airlines' AND T2.DestAirport = 'ABZ',Correct,1,1,0,none,0.8,0.7 to 0.9,1,1,974,0.000588,5506
85,V1,Llama 3.1 8B,zero-shot,complex,3,flight_4,"For the airline ids with the top 10 most routes operated, what are their names?","SELECT T1.name , T2.alid FROM airlines AS T1 JOIN routes AS T2 ON T1.alid = T2.alid GROUP BY T2.alid ORDER BY count(*) DESC LIMIT 10",SELECT name FROM airlines WHERE alid IN ( SELECT alid FROM routes GROUP BY alid ORDER BY COUNT(*) DESC LIMIT 10 ),Silent failure,0,1,1,wrong_filter,1.0,0.9 to 1.0,10,10,708,0.000037,380
86,V2,Llama 3.1 8B,few-shot,complex,3,flight_4,"For the airline ids with the top 10 most routes operated, what are their names?","SELECT T1.name , T2.alid FROM airlines AS T1 JOIN routes AS T2 ON T1.alid = T2.alid GROUP BY T2.alid ORDER BY count(*) DESC LIMIT 10",SELECT name FROM airlines WHERE alid IN (SELECT alid FROM routes GROUP BY alid ORDER BY COUNT(*) DESC LIMIT 10),Silent failure,0,1,1,wrong_filter,0.95,0.9 to 1.0,10,10,1328,0.000068,13405
87,V3,Llama 3.1 70B,zero-shot,complex,3,flight_4,"For the airline ids with the top 10 most routes operated, what are their names?","SELECT T1.name , T2.alid FROM airlines AS T1 JOIN routes AS T2 ON T1.alid = T2.alid GROUP BY T2.alid ORDER BY count(*) DESC LIMIT 10","SELECT T1.name FROM airlines AS T1 JOIN routes AS T2 ON T1.alid = T2.alid GROUP BY T1.alid, T1.name ORDER BY COUNT(T2.rid) DESC LIMIT 10",Silent failure,0,1,1,wrong_aggregation,0.9,0.9 to 1.0,10,10,722,0.000439,454
88,V4,Llama 3.1 70B,few-shot,complex,3,flight_4,"For the airline ids with the top 10 most routes operated, what are their names?","SELECT T1.name , T2.alid FROM airlines AS T1 JOIN routes AS T2 ON T1.alid = T2.alid GROUP BY T2.alid ORDER BY count(*) DESC LIMIT 10",SELECT T1.name FROM airlines AS T1 JOIN routes AS T2 ON T1.alid = T2.alid GROUP BY T1.alid ORDER BY COUNT(T2.rid) DESC LIMIT 10,Silent failure,0,1,1,wrong_projection,0.9,0.9 to 1.0,10,10,1344,0.000804,6989
89,V1,Llama 3.1 8B,zero-shot,complex,3,flight_company,How many airports haven't the pilot 'Thompson' driven an aircraft?,SELECT count(*) FROM airport WHERE id NOT IN ( SELECT airport_id FROM flight WHERE pilot = 'Thompson' );,SELECT COUNT(*) FROM airport WHERE id NOT IN ( SELECT airport_id FROM flight WHERE Pilot = 'Thompson' ),Correct,1,1,0,none,1.0,0.9 to 1.0,1,1,353,0.000019,4248
90,V2,Llama 3.1 8B,few-shot,complex,3,flight_company,How many airports haven't the pilot 'Thompson' driven an aircraft?,SELECT count(*) FROM airport WHERE id NOT IN ( SELECT airport_id FROM flight WHERE pilot = 'Thompson' );,SELECT COUNT(*) FROM airport WHERE id NOT IN (SELECT airport_id FROM flight WHERE pilot = 'Thompson'),Correct,1,1,0,none,0.95,0.9 to 1.0,1,1,977,0.000050,9339
91,V3,Llama 3.1 70B,zero-shot,complex,3,flight_company,How many airports haven't the pilot 'Thompson' driven an aircraft?,SELECT count(*) FROM airport WHERE id NOT IN ( SELECT airport_id FROM flight WHERE pilot = 'Thompson' );,SELECT COUNT(DISTINCT T1.id) FROM airport AS T1 WHERE T1.id NOT IN ( SELECT T2.airport_id FROM flight AS T2 WHERE T2.Pilot = 'Thompson' ),Correct,1,1,0,none,1.0,0.9 to 1.0,1,1,373,0.000233,520
92,V4,Llama 3.1 70B,few-shot,complex,3,flight_company,How many airports haven't the pilot 'Thompson' driven an aircraft?,SELECT count(*) FROM airport WHERE id NOT IN ( SELECT airport_id FROM flight WHERE pilot = 'Thompson' );,SELECT COUNT(T1.id) FROM airport AS T1 LEFT JOIN flight AS T2 ON T1.id = T2.airport_id WHERE T2.Pilot != 'Thompson' OR T2.Pilot IS NULL,Silent failure,0,1,1,wrong_filter,0.8,0.7 to 0.9,1,1,1000,0.000602,5511
93,V1,Llama 3.1 8B,zero-shot,complex,3,formula_1,What is the id and first name of all the drivers who participated in the Australian Grand Prix and the Chinese Grand Prix?,"SELECT T2.driverid , T3.forename FROM races AS T1 JOIN results AS T2 ON T1.raceid = T2.raceid JOIN drivers AS T3 ON T2.driverid = T3.driverid WHERE T1.name = ""Australian Grand Prix"" INTERSECT SELECT T2.driverid , T3.forename FROM races AS T1 JOIN results AS T2 ON T1.raceid = T2.raceid JOIN drivers AS T3 ON T2.driverid = T3.driverid WHERE T1.name = ""Chinese Grand Prix""","SELECT D.driverId, D.forename FROM drivers D JOIN results R ON D.driverId = R.driverId JOIN races RC ON R.raceId = RC.raceId WHERE RC.name IN ('Australian Grand Prix', 'Chinese Grand Prix')",Silent failure,0,1,1,wrong_join,1.0,0.9 to 1.0,73,1092,1245,0.000064,12345
94,V1,Llama 3.1 8B,zero-shot,complex,3,formula_1,Find the id and location of circuits that belong to France or Belgium?,"SELECT circuitid , LOCATION FROM circuits WHERE country = ""France"" OR country = ""Belgium""","SELECT circuitId, location FROM circuits WHERE country IN ('France', 'Belgium')",Correct,1,1,0,none,1.0,0.9 to 1.0,10,10,1199,0.000061,11684
95,V2,Llama 3.1 8B,few-shot,complex,3,formula_1,What is the id and first name of all the drivers who participated in the Australian Grand Prix and the Chinese Grand Prix?,"SELECT T2.driverid , T3.forename FROM races AS T1 JOIN results AS T2 ON T1.raceid = T2.raceid JOIN drivers AS T3 ON T2.driverid = T3.driverid WHERE T1.name = ""Australian Grand Prix"" INTERSECT SELECT T2.driverid , T3.forename FROM races AS T1 JOIN results AS T2 ON T1.raceid = T2.raceid JOIN drivers AS T3 ON T2.driverid = T3.driverid WHERE T1.name = ""Chinese Grand Prix""","SELECT T1.driverId, T1.forename FROM drivers AS T1 JOIN results AS T2 ON T1.driverId = T2.driverId WHERE T2.raceId IN (SELECT raceId FROM races WHERE name = 'Australian Grand Prix') OR T2.raceId IN (SELECT raceId FROM races WHERE name = 'Chinese Grand Prix')",Silent failure,0,1,1,wrong_join,0.95,0.9 to 1.0,73,1092,1896,0.000097,18518
96,V2,Llama 3.1 8B,few-shot,complex,3,formula_1,Find the id and location of circuits that belong to France or Belgium?,"SELECT circuitid , LOCATION FROM circuits WHERE country = ""France"" OR country = ""Belgium""","SELECT circuitId, location FROM circuits WHERE country IN ('France', 'Belgium')",Correct,1,1,0,none,0.95,0.9 to 1.0,10,10,1831,0.000092,18398
97,V3,Llama 3.1 70B,zero-shot,complex,3,formula_1,Find the id and location of circuits that belong to France or Belgium?,"SELECT circuitid , LOCATION FROM circuits WHERE country = ""France"" OR country = ""Belgium""","SELECT circuitId, location FROM circuits WHERE country IN ('France', 'Belgium')",Correct,1,1,0,none,1.0,0.9 to 1.0,10,10,1201,0.000715,5384
98,V3,Llama 3.1 70B,zero-shot,complex,3,formula_1,What is the id and first name of all the drivers who participated in the Australian Grand Prix and the Chinese Grand Prix?,"SELECT T2.driverid , T3.forename FROM races AS T1 JOIN results AS T2 ON T1.raceid = T2.raceid JOIN drivers AS T3 ON T2.driverid = T3.driverid WHERE T1.name = ""Australian Grand Prix"" INTERSECT SELECT T2.driverid , T3.forename FROM races AS T1 JOIN results AS T2 ON T1.raceid = T2.raceid JOIN drivers AS T3 ON T2.driverid = T3.driverid WHERE T1.name = ""Chinese Grand Prix""","SELECT DISTINCT T1.driverId, T1.forename FROM drivers AS T1 JOIN results AS T2 ON T1.driverId = T2.driverId JOIN races AS T3 ON T2.raceId = T3.raceId WHERE T3.name IN ('Australian Grand Prix', 'Chinese Grand Prix')",Silent failure,0,1,1,wrong_join,0.9,0.9 to 1.0,73,182,1259,0.000759,6596
99,V4,Llama 3.1 70B,few-shot,complex,3,formula_1,What is the id and first name of all the drivers who participated in the Australian Grand Prix and the Chinese Grand Prix?,"SELECT T2.driverid , T3.forename FROM races AS T1 JOIN results AS T2 ON T1.raceid = T2.raceid JOIN drivers AS T3 ON T2.driverid = T3.driverid WHERE T1.name = ""Australian Grand Prix"" INTERSECT SELECT T2.driverid , T3.forename FROM races AS T1 JOIN results AS T2 ON T1.raceid = T2.raceid JOIN drivers AS T3 ON T2.driverid = T3.driverid WHERE T1.name = ""Chinese Grand Prix""","SELECT DISTINCT T1.driverId, T1.forename FROM drivers AS T1 JOIN results AS T2 ON T1.driverId = T2.driverId JOIN races AS T3 ON T2.raceId = T3.raceId WHERE T3.name IN ('Australian Grand Prix', 'Chinese Grand Prix')",Silent failure,0,1,1,wrong_join,0.9,0.9 to 1.0,73,182,1891,0.001132,9730
100,V4,Llama 3.1 70B,few-shot,complex,3,formula_1,Find the id and location of circuits that belong to France or Belgium?,"SELECT circuitid , LOCATION FROM circuits WHERE country = ""France"" OR country = ""Belgium""","SELECT circuitId, location FROM circuits WHERE country = 'France' OR country = 'Belgium'",Correct,1,1,0,none,0.9,0.9 to 1.0,10,10,1834,0.001089,9411
101,V1,Llama 3.1 8B,zero-shot,complex,3,game_1,Show the game name that has most number of hours played.,SELECT gname FROM Plays_games AS T1 JOIN Video_games AS T2 ON T1.gameid = T2.gameid GROUP BY T1.gameid ORDER BY sum(hours_played) DESC LIMIT 1,SELECT T1.GName FROM Video_Games AS T1 JOIN Plays_Games AS T2 ON T1.GameID = T2.GameID GROUP BY T1.GName ORDER BY SUM(T2.Hours_Played) DESC LIMIT 1,Correct,1,1,0,none,1.0,0.9 to 1.0,1,1,399,0.000022,4461
102,V1,Llama 3.1 8B,zero-shot,complex,3,game_1,What are the ids of all male students who do not play football?,"SELECT StuID FROM Student WHERE sex = 'M' EXCEPT SELECT StuID FROM Sportsinfo WHERE sportname = ""Football""",SELECT StuID FROM Student WHERE Sex = 'M' AND Major NOT IN (SELECT Major FROM Student WHERE LName = 'Smith'),Silent failure,0,1,1,wrong_join,0.9,0.9 to 1.0,24,9,376,0.000020,2357
103,V2,Llama 3.1 8B,few-shot,complex,3,game_1,What are the ids of all male students who do not play football?,"SELECT StuID FROM Student WHERE sex = 'M' EXCEPT SELECT StuID FROM Sportsinfo WHERE sportname = ""Football""",SELECT StuID FROM Student WHERE Sex = 'M' AND Major NOT IN (SELECT Major FROM SportsInfo WHERE SportName = 'Football'),Silent failure,0,1,1,wrong_filter,0.95,0.9 to 1.0,24,0,1007,0.000052,368
104,V2,Llama 3.1 8B,few-shot,complex,3,game_1,Show the game name that has most number of hours played.,SELECT gname FROM Plays_games AS T1 JOIN Video_games AS T2 ON T1.gameid = T2.gameid GROUP BY T1.gameid ORDER BY sum(hours_played) DESC LIMIT 1,SELECT T1.GName FROM Video_Games AS T1 JOIN Plays_Games AS T2 ON T1.GameID = T2.GameID GROUP BY T1.GameID ORDER BY SUM(T2.Hours_Played) DESC LIMIT 1,Correct,1,1,0,none,0.95,0.9 to 1.0,1,1,1026,0.000053,9377
105,V3,Llama 3.1 70B,zero-shot,complex,3,game_1,What are the ids of all male students who do not play football?,"SELECT StuID FROM Student WHERE sex = 'M' EXCEPT SELECT StuID FROM Sportsinfo WHERE sportname = ""Football""",SELECT S.StuID FROM Student S WHERE S.Sex = 'M' AND S.StuID NOT IN (SELECT SI.StuID FROM SportsInfo SI WHERE SI.SportName = 'Football'),Correct,1,1,0,none,1.0,0.9 to 1.0,24,24,391,0.000242,329
106,V3,Llama 3.1 70B,zero-shot,complex,3,game_1,Show the game name that has most number of hours played.,SELECT gname FROM Plays_games AS T1 JOIN Video_games AS T2 ON T1.gameid = T2.gameid GROUP BY T1.gameid ORDER BY sum(hours_played) DESC LIMIT 1,SELECT V.GName FROM Video_Games V JOIN Plays_Games P ON V.GameID = P.GameID GROUP BY V.GName ORDER BY SUM(P.Hours_Played) DESC LIMIT 1,Correct,1,1,0,none,0.9,0.9 to 1.0,1,1,390,0.000242,408
107,V4,Llama 3.1 70B,few-shot,complex,3,game_1,What are the ids of all male students who do not play football?,"SELECT StuID FROM Student WHERE sex = 'M' EXCEPT SELECT StuID FROM Sportsinfo WHERE sportname = ""Football""",SELECT S.StuID FROM Student S WHERE S.Sex = 'M' AND S.StuID NOT IN (SELECT StuID FROM SportsInfo WHERE SportName = 'Football'),Correct,1,1,0,none,0.9,0.9 to 1.0,24,24,1017,0.000611,633
108,V4,Llama 3.1 70B,few-shot,complex,3,game_1,Show the game name that has most number of hours played.,SELECT gname FROM Plays_games AS T1 JOIN Video_games AS T2 ON T1.gameid = T2.gameid GROUP BY T1.gameid ORDER BY sum(hours_played) DESC LIMIT 1,SELECT T2.GName FROM Plays_Games AS T1 JOIN Video_Games AS T2 ON T1.GameID = T2.GameID ORDER BY T1.Hours_Played DESC LIMIT 1,Correct,1,1,0,none,0.8,0.7 to 0.9,1,1,1018,0.000612,4477
109,V1,Llama 3.1 8B,zero-shot,complex,3,hospital_1,Find the name of physicians who are affiliated with Surgery or Psychiatry department.,SELECT T1.name FROM physician AS T1 JOIN affiliated_with AS T2 ON T1.EmployeeID = T2.physician JOIN department AS T3 ON T2.department = T3.DepartmentID WHERE T3.name = 'Surgery' OR T3.name = 'Psychiatry',"SELECT DISTINCT T1.Name FROM Physician AS T1 JOIN Affiliated_With AS T2 ON T1.EmployeeID = T2.Physician JOIN Department AS T3 ON T2.Department = T3.DepartmentID WHERE T3.Name IN ('Surgery', 'Psychiatry')",Correct,1,1,0,none,1.0,0.9 to 1.0,4,4,1406,0.000073,14418
110,V2,Llama 3.1 8B,few-shot,complex,3,hospital_1,Find the name of physicians who are affiliated with Surgery or Psychiatry department.,SELECT T1.name FROM physician AS T1 JOIN affiliated_with AS T2 ON T1.EmployeeID = T2.physician JOIN department AS T3 ON T2.department = T3.DepartmentID WHERE T3.name = 'Surgery' OR T3.name = 'Psychiatry',"SELECT T1.Name FROM Physician AS T1 JOIN Affiliated_With AS T2 ON T1.EmployeeID = T2.Physician JOIN Department AS T3 ON T2.Department = T3.DepartmentID WHERE T3.Name IN ('Surgery', 'Psychiatry')",Correct,1,1,0,none,0.95,0.9 to 1.0,4,4,2037,0.000104,20521
111,V3,Llama 3.1 70B,zero-shot,complex,3,hospital_1,Find the name of physicians who are affiliated with Surgery or Psychiatry department.,SELECT T1.name FROM physician AS T1 JOIN affiliated_with AS T2 ON T1.EmployeeID = T2.physician JOIN department AS T3 ON T2.department = T3.DepartmentID WHERE T3.name = 'Surgery' OR T3.name = 'Psychiatry',SELECT DISTINCT P.Name FROM Physician P JOIN Affiliated_With A ON P.EmployeeID = A.Physician JOIN Department D ON A.Department = D.DepartmentID WHERE D.Name = 'Surgery' OR D.Name = 'Psychiatry',Correct,1,1,0,none,1.0,0.9 to 1.0,4,4,1398,0.000838,6416
112,V4,Llama 3.1 70B,few-shot,complex,3,hospital_1,Find the name of physicians who are affiliated with Surgery or Psychiatry department.,SELECT T1.name FROM physician AS T1 JOIN affiliated_with AS T2 ON T1.EmployeeID = T2.physician JOIN department AS T3 ON T2.department = T3.DepartmentID WHERE T3.name = 'Surgery' OR T3.name = 'Psychiatry',SELECT DISTINCT T1.Name FROM Physician AS T1 JOIN Affiliated_With AS T2 ON T1.EmployeeID = T2.Physician JOIN Department AS T3 ON T2.Department = T3.DepartmentID WHERE T3.Name = 'Surgery' OR T3.Name = 'Psychiatry',Correct,1,1,0,none,0.9,0.9 to 1.0,4,4,2043,0.001221,621
113,V1,Llama 3.1 8B,zero-shot,complex,3,hr_1,"What are the employee ids of employees who report to Payam, and what are their salaries?","SELECT employee_id , salary FROM employees WHERE manager_id = (SELECT employee_id FROM employees WHERE first_name = 'Payam' )","SELECT e.employee_id, e.salary FROM employees e JOIN employees m ON e.manager_id = m.employee_id WHERE m.first_name = 'Payam'",Correct,1,1,0,none,1.0,0.9 to 1.0,8,8,862,0.000045,8457
114,V2,Llama 3.1 8B,few-shot,complex,3,hr_1,"What are the employee ids of employees who report to Payam, and what are their salaries?","SELECT employee_id , salary FROM employees WHERE manager_id = (SELECT employee_id FROM employees WHERE first_name = 'Payam' )","SELECT E1.employee_id, E1.salary FROM employees E1 JOIN employees E2 ON E1.manager_id = E2.employee_id WHERE E2.first_name = 'Payam'",Correct,1,1,0,none,0.95,0.9 to 1.0,8,8,1498,0.000076,15879
115,V3,Llama 3.1 70B,zero-shot,complex,3,hr_1,"What are the employee ids of employees who report to Payam, and what are their salaries?","SELECT employee_id , salary FROM employees WHERE manager_id = (SELECT employee_id FROM employees WHERE first_name = 'Payam' )","SELECT E1.EMPLOYEE_ID, E1.SALARY FROM employees E1 JOIN employees E2 ON E1.MANAGER_ID = E2.EMPLOYEE_ID WHERE E2.FIRST_NAME = 'Payam'",Correct,1,1,0,none,1.0,0.9 to 1.0,8,8,879,0.000531,490
116,V4,Llama 3.1 70B,few-shot,complex,3,hr_1,"What are the employee ids of employees who report to Payam, and what are their salaries?","SELECT employee_id , salary FROM employees WHERE manager_id = (SELECT employee_id FROM employees WHERE first_name = 'Payam' )","SELECT E1.EMPLOYEE_ID, E1.SALARY FROM employees E1 JOIN employees E2 ON E1.MANAGER_ID = E2.EMPLOYEE_ID WHERE E2.FIRST_NAME = 'Payam'",Correct,1,1,0,none,0.9,0.9 to 1.0,8,8,1510,0.000904,7552
117,V1,Llama 3.1 8B,zero-shot,complex,3,inn_1,Find the name of rooms whose price is higher than the average price.,SELECT roomName FROM Rooms WHERE basePrice > ( SELECT avg(basePrice) FROM Rooms );,SELECT roomName FROM Rooms WHERE basePrice > (SELECT AVG(basePrice) FROM Rooms),Correct,1,1,0,none,1.0,0.9 to 1.0,4,4,318,0.000017,3292
118,V2,Llama 3.1 8B,few-shot,complex,3,inn_1,Find the name of rooms whose price is higher than the average price.,SELECT roomName FROM Rooms WHERE basePrice > ( SELECT avg(basePrice) FROM Rooms );,SELECT roomName FROM Rooms WHERE basePrice > (SELECT AVG(basePrice) FROM Rooms),Correct,1,1,0,none,0.95,0.9 to 1.0,4,4,948,0.000048,9377
119,V3,Llama 3.1 70B,zero-shot,complex,3,inn_1,Find the name of rooms whose price is higher than the average price.,SELECT roomName FROM Rooms WHERE basePrice > ( SELECT avg(basePrice) FROM Rooms );,SELECT roomName FROM Rooms WHERE basePrice > (SELECT AVG(basePrice) FROM Rooms),Correct,1,1,0,none,1.0,0.9 to 1.0,4,4,318,0.000194,187
120,V4,Llama 3.1 70B,few-shot,complex,3,inn_1,Find the name of rooms whose price is higher than the average price.,SELECT roomName FROM Rooms WHERE basePrice > ( SELECT avg(basePrice) FROM Rooms );,SELECT roomName FROM Rooms WHERE basePrice > (SELECT AVG(basePrice) FROM Rooms),Correct,1,1,0,none,0.95,0.9 to 1.0,4,4,948,0.000566,4419
121,V1,Llama 3.1 8B,zero-shot,complex,3,local_govt_and_lot,How many customers did not have any event?,SELECT count(*) FROM customers WHERE customer_id NOT IN ( SELECT customer_id FROM customer_events ),SELECT COUNT(DISTINCT c.customer_id) FROM Customers c LEFT JOIN Customer_Events ce ON c.customer_id = ce.customer_id WHERE ce.customer_id IS NULL,Correct,1,1,0,none,1.0,0.9 to 1.0,1,1,853,0.000044,9346
122,V2,Llama 3.1 8B,few-shot,complex,3,local_govt_and_lot,How many customers did not have any event?,SELECT count(*) FROM customers WHERE customer_id NOT IN ( SELECT customer_id FROM customer_events ),SELECT COUNT(T1.customer_id) FROM Customers AS T1 LEFT JOIN Customer_Events AS T2 ON T1.customer_id = T2.customer_id WHERE T2.customer_id IS NULL,Correct,1,1,0,none,0.95,0.9 to 1.0,1,1,1487,0.000076,15543
123,V3,Llama 3.1 70B,zero-shot,complex,3,local_govt_and_lot,How many customers did not have any event?,SELECT count(*) FROM customers WHERE customer_id NOT IN ( SELECT customer_id FROM customer_events ),SELECT COUNT(customer_id) FROM Customers WHERE customer_id NOT IN (SELECT customer_id FROM Customer_Events),Correct,1,1,0,none,1.0,0.9 to 1.0,1,1,840,0.000503,4469
124,V4,Llama 3.1 70B,few-shot,complex,3,local_govt_and_lot,How many customers did not have any event?,SELECT count(*) FROM customers WHERE customer_id NOT IN ( SELECT customer_id FROM customer_events ),SELECT COUNT(customer_id) FROM Customers WHERE customer_id NOT IN (SELECT customer_id FROM Customer_Events),Correct,1,1,0,none,0.9,0.9 to 1.0,1,1,1470,0.000874,536
125,V1,Llama 3.1 8B,zero-shot,complex,3,manufactory_1,Find the total revenue of companies whose revenue is larger than the revenue of some companies based in Austin.,SELECT sum(revenue) FROM manufacturers WHERE revenue > (SELECT min(revenue) FROM manufacturers WHERE headquarter = 'Austin'),SELECT SUM(Revenue) FROM Manufacturers WHERE Revenue > (SELECT AVG(Revenue) FROM Manufacturers WHERE Headquarter = 'Austin'),Correct,1,1,0,none,1.0,0.9 to 1.0,1,1,275,0.000015,2396
126,V2,Llama 3.1 8B,few-shot,complex,3,manufactory_1,Find the total revenue of companies whose revenue is larger than the revenue of some companies based in Austin.,SELECT sum(revenue) FROM manufacturers WHERE revenue > (SELECT min(revenue) FROM manufacturers WHERE headquarter = 'Austin'),SELECT SUM(revenue) FROM Manufacturers WHERE revenue > (SELECT MIN(revenue) FROM Manufacturers WHERE Headquarter = 'Austin'),Correct,1,1,0,none,0.95,0.9 to 1.0,1,1,905,0.000046,9437
127,V3,Llama 3.1 70B,zero-shot,complex,3,manufactory_1,Find the total revenue of companies whose revenue is larger than the revenue of some companies based in Austin.,SELECT sum(revenue) FROM manufacturers WHERE revenue > (SELECT min(revenue) FROM manufacturers WHERE headquarter = 'Austin'),SELECT SUM(M1.Revenue) FROM Manufacturers M1 WHERE M1.Revenue > (SELECT MIN(M2.Revenue) FROM Manufacturers M2 WHERE M2.Headquarter = 'Austin'),Correct,1,1,0,none,0.9,0.9 to 1.0,1,1,292,0.000184,1023
128,V4,Llama 3.1 70B,few-shot,complex,3,manufactory_1,Find the total revenue of companies whose revenue is larger than the revenue of some companies based in Austin.,SELECT sum(revenue) FROM manufacturers WHERE revenue > (SELECT min(revenue) FROM manufacturers WHERE headquarter = 'Austin'),SELECT SUM(T1.Revenue) FROM Manufacturers AS T1 WHERE T1.Revenue > (SELECT MIN(T2.Revenue) FROM Manufacturers AS T2 WHERE T2.Headquarter = 'Austin'),Correct,1,1,0,none,0.9,0.9 to 1.0,1,1,922,0.000555,43612
129,V1,Llama 3.1 8B,zero-shot,complex,3,network_2,"What are the names, ages, and jobs of all people who are friends with Alice for the longest amount of time?","SELECT T1.name , T1.age , T1.job FROM Person AS T1 JOIN PersonFriend AS T2 ON T1.name = T2.name WHERE T2.friend = 'Alice' AND T2.year = (SELECT max(YEAR) FROM PersonFriend WHERE friend = 'Alice')","SELECT p1.name, p1.age, p1.job FROM Person p1 JOIN PersonFriend pf ON p1.name = pf.name JOIN Person p2 ON p2.name = pf.friend WHERE p1.name != 'Alice' AND pf.year = (SELECT MAX(pf2.year) FROM PersonFriend pf2 WHERE pf2.friend = 'Alice')",Correct,1,1,0,none,0.9,0.9 to 1.0,1,1,302,0.000018,2482
130,V2,Llama 3.1 8B,few-shot,complex,3,network_2,"What are the names, ages, and jobs of all people who are friends with Alice for the longest amount of time?","SELECT T1.name , T1.age , T1.job FROM Person AS T1 JOIN PersonFriend AS T2 ON T1.name = T2.name WHERE T2.friend = 'Alice' AND T2.year = (SELECT max(YEAR) FROM PersonFriend WHERE friend = 'Alice')","SELECT P1.name, P1.age, P1.job FROM Person AS P1 JOIN PersonFriend AS P2 ON P1.name = P2.name WHERE P2.friend = 'Alice' ORDER BY P2.year DESC LIMIT 1",Correct,1,1,0,none,0.95,0.9 to 1.0,1,1,911,0.000048,473
131,V3,Llama 3.1 70B,zero-shot,complex,3,network_2,"What are the names, ages, and jobs of all people who are friends with Alice for the longest amount of time?","SELECT T1.name , T1.age , T1.job FROM Person AS T1 JOIN PersonFriend AS T2 ON T1.name = T2.name WHERE T2.friend = 'Alice' AND T2.year = (SELECT max(YEAR) FROM PersonFriend WHERE friend = 'Alice')","SELECT P.name, P.age, P.job FROM Person P JOIN PersonFriend PF ON P.name = PF.name WHERE PF.friend = 'Alice' AND PF.year = (SELECT MIN(year) FROM PersonFriend WHERE friend = 'Alice')",Correct,1,1,0,none,0.8,0.7 to 0.9,1,1,279,0.000178,252
132,V4,Llama 3.1 70B,few-shot,complex,3,network_2,"What are the names, ages, and jobs of all people who are friends with Alice for the longest amount of time?","SELECT T1.name , T1.age , T1.job FROM Person AS T1 JOIN PersonFriend AS T2 ON T1.name = T2.name WHERE T2.friend = 'Alice' AND T2.year = (SELECT max(YEAR) FROM PersonFriend WHERE friend = 'Alice')","SELECT P.name, P.age, P.job FROM Person AS P JOIN PersonFriend AS F ON P.name = F.friend WHERE F.name = 'Alice' AND F.year = (SELECT MIN(year) FROM PersonFriend WHERE name = 'Alice')",Silent failure,0,1,1,wrong_aggregation,0.8,0.7 to 0.9,1,1,912,0.000551,304
133,V1,Llama 3.1 8B,zero-shot,complex,3,party_people,What are the names of parties that have no members?,SELECT party_name FROM party WHERE party_id NOT IN (SELECT party_id FROM Member),SELECT p.Party_name FROM party p LEFT JOIN member m ON p.Party_ID = m.Party_ID WHERE m.Member_ID IS NULL,Correct,1,1,0,none,1.0,0.9 to 1.0,2,2,408,0.000022,3305
134,V2,Llama 3.1 8B,few-shot,complex,3,party_people,What are the names of parties that have no members?,SELECT party_name FROM party WHERE party_id NOT IN (SELECT party_id FROM Member),SELECT T1.party_name FROM party AS T1 LEFT JOIN member AS T2 ON T1.party_id = T2.party_id WHERE T2.member_id IS NULL,Correct,1,1,0,none,0.95,0.9 to 1.0,2,2,1042,0.000054,10601
135,V3,Llama 3.1 70B,zero-shot,complex,3,party_people,What are the names of parties that have no members?,SELECT party_name FROM party WHERE party_id NOT IN (SELECT party_id FROM Member),SELECT T1.Party_name FROM party AS T1 LEFT JOIN member AS T2 ON T1.Party_ID = T2.Party_ID WHERE T2.Member_ID IS NULL,Correct,1,1,0,none,1.0,0.9 to 1.0,2,2,417,0.000257,2422
136,V4,Llama 3.1 70B,few-shot,complex,3,party_people,What are the names of parties that have no members?,SELECT party_name FROM party WHERE party_id NOT IN (SELECT party_id FROM Member),SELECT T1.Party_name FROM party AS T1 LEFT JOIN member AS T2 ON T1.Party_ID = T2.Party_ID WHERE T2.Member_ID IS NULL,Correct,1,1,0,none,0.9,0.9 to 1.0,2,2,1045,0.000627,5442
137,V1,Llama 3.1 8B,zero-shot,complex,3,pets_1,Find the average age of students who do not have any pet .,select avg(age) from student where stuid not in (select stuid from has_pet),SELECT AVG(Age) FROM Student WHERE StuID NOT IN (SELECT StuID FROM Has_Pet),Correct,1,1,0,none,1.0,0.9 to 1.0,1,1,319,0.000017,3197
138,V2,Llama 3.1 8B,few-shot,complex,3,pets_1,Find the average age of students who do not have any pet .,select avg(age) from student where stuid not in (select stuid from has_pet),SELECT AVG(T2.Age) FROM Student AS T1 LEFT JOIN Has_Pet AS T2 ON T1.StuID = T2.StuID WHERE T2.StuID IS NULL,Loud error,0,0,0,schema_error,0.9,0.9 to 1.0,1,,966,0.000050,5419
139,V3,Llama 3.1 70B,zero-shot,complex,3,pets_1,Find the average age of students who do not have any pet .,select avg(age) from student where stuid not in (select stuid from has_pet),SELECT AVG(Age) FROM Student WHERE StuID NOT IN (SELECT StuID FROM Has_Pet),Correct,1,1,0,none,1.0,0.9 to 1.0,1,1,319,0.000196,1220
140,V4,Llama 3.1 70B,few-shot,complex,3,pets_1,Find the average age of students who do not have any pet .,select avg(age) from student where stuid not in (select stuid from has_pet),SELECT AVG(Age) FROM Student WHERE StuID NOT IN (SELECT StuID FROM Has_Pet),Correct,1,1,0,none,0.9,0.9 to 1.0,1,1,949,0.000567,4800
141,V1,Llama 3.1 8B,zero-shot,complex,3,poker_player,Return the money rank of the poker player with the greatest height.,SELECT T2.Money_Rank FROM people AS T1 JOIN poker_player AS T2 ON T1.People_ID = T2.People_ID ORDER BY T1.Height DESC LIMIT 1,SELECT T2.Money_Rank FROM people AS T1 JOIN poker_player AS T2 ON T1.People_ID = T2.People_ID WHERE T1.Height = (SELECT MAX(Height) FROM people),Correct,1,1,0,none,0.9,0.9 to 1.0,1,1,303,0.000017,3256
142,V2,Llama 3.1 8B,few-shot,complex,3,poker_player,Return the money rank of the poker player with the greatest height.,SELECT T2.Money_Rank FROM people AS T1 JOIN poker_player AS T2 ON T1.People_ID = T2.People_ID ORDER BY T1.Height DESC LIMIT 1,SELECT T2.money_rank FROM people AS T1 JOIN poker_player AS T2 ON T1.people_id = T2.people_id ORDER BY T1.height DESC LIMIT 1,Correct,1,1,0,none,0.95,0.9 to 1.0,1,1,924,0.000048,8337
143,V3,Llama 3.1 70B,zero-shot,complex,3,poker_player,Return the money rank of the poker player with the greatest height.,SELECT T2.Money_Rank FROM people AS T1 JOIN poker_player AS T2 ON T1.People_ID = T2.People_ID ORDER BY T1.Height DESC LIMIT 1,SELECT T2.Money_Rank FROM people AS T1 INNER JOIN poker_player AS T2 ON T1.People_ID = T2.People_ID ORDER BY T1.Height DESC LIMIT 1,Correct,1,1,0,none,1.0,0.9 to 1.0,1,1,302,0.000190,381
144,V4,Llama 3.1 70B,few-shot,complex,3,poker_player,Return the money rank of the poker player with the greatest height.,SELECT T2.Money_Rank FROM people AS T1 JOIN poker_player AS T2 ON T1.People_ID = T2.People_ID ORDER BY T1.Height DESC LIMIT 1,SELECT T2.Money_Rank FROM people AS T1 JOIN poker_player AS T2 ON T1.People_ID = T2.People_ID ORDER BY T1.Height DESC LIMIT 1,Correct,1,1,0,none,0.9,0.9 to 1.0,1,1,928,0.000558,4426
145,V1,Llama 3.1 8B,zero-shot,complex,3,products_gen_characteristics,Return the color description that is most common across all products.,SELECT t2.color_description FROM products AS t1 JOIN ref_colors AS t2 ON t1.color_code = t2.color_code GROUP BY t2.color_description ORDER BY count(*) DESC LIMIT 1,"SELECT T1.color_description FROM Ref_Colors AS T1 JOIN ( SELECT T2.color_code, COUNT(*) as count FROM Product_Characteristics AS T1 JOIN Products AS T2 ON T1.product_id = T2.product_id GROUP BY T2.color_code ) AS T3 ON T1.color_code = T3.color_code ORDER BY T3.count DESC LIMIT 1",Correct,1,1,0,none,0.9,0.9 to 1.0,1,1,617,0.000034,495
146,V2,Llama 3.1 8B,few-shot,complex,3,products_gen_characteristics,Return the color description that is most common across all products.,SELECT t2.color_description FROM products AS t1 JOIN ref_colors AS t2 ON t1.color_code = t2.color_code GROUP BY t2.color_description ORDER BY count(*) DESC LIMIT 1,SELECT R.color_description FROM Ref_Colors AS R JOIN Products AS P ON R.color_code = P.color_code GROUP BY R.color_code ORDER BY COUNT(P.product_id) DESC LIMIT 1,Correct,1,1,0,none,0.8,0.7 to 0.9,1,1,1200,0.000062,12364
147,V3,Llama 3.1 70B,zero-shot,complex,3,products_gen_characteristics,Return the color description that is most common across all products.,SELECT t2.color_description FROM products AS t1 JOIN ref_colors AS t2 ON t1.color_code = t2.color_code GROUP BY t2.color_description ORDER BY count(*) DESC LIMIT 1,SELECT T1.color_description FROM Ref_Colors T1 JOIN Products T2 ON T1.color_code = T2.color_code GROUP BY T1.color_description ORDER BY COUNT(T2.product_id) DESC LIMIT 1,Correct,1,1,0,none,0.9,0.9 to 1.0,1,1,578,0.000354,456
148,V4,Llama 3.1 70B,few-shot,complex,3,products_gen_characteristics,Return the color description that is most common across all products.,SELECT t2.color_description FROM products AS t1 JOIN ref_colors AS t2 ON t1.color_code = t2.color_code GROUP BY t2.color_description ORDER BY count(*) DESC LIMIT 1,SELECT T1.color_description FROM Ref_Colors AS T1 JOIN Products AS T2 ON T1.color_code = T2.color_code GROUP BY T1.color_description ORDER BY COUNT(T2.product_id) DESC LIMIT 1,Correct,1,1,0,none,0.9,0.9 to 1.0,1,1,1212,0.000728,6739
149,V1,Llama 3.1 8B,zero-shot,complex,3,sakila_1,What is the title and id of the film that has the greatest number of copies in inventory?,"SELECT T1.title , T1.film_id FROM film AS T1 JOIN inventory AS T2 ON T1.film_id = T2.film_id GROUP BY T1.film_id ORDER BY count(*) DESC LIMIT 1","SELECT f.title, f.film_id FROM film f JOIN inventory i ON f.film_id = i.film_id GROUP BY f.film_id ORDER BY COUNT(i.inventory_id) DESC LIMIT 1",Correct,1,1,0,none,1.0,0.9 to 1.0,1,1,1536,0.000079,15608
150,V1,Llama 3.1 8B,zero-shot,complex,3,sakila_1,What is the film title and inventory id of the item in the inventory which was rented most frequently?,"SELECT T1.title , T2.inventory_id FROM film AS T1 JOIN inventory AS T2 ON T1.film_id = T2.film_id JOIN rental AS T3 ON T2.inventory_id = T3.inventory_id GROUP BY T2.inventory_id ORDER BY count(*) DESC LIMIT 1","SELECT i.film_id, f.title, COUNT(r.rental_id) as total_rentals FROM inventory i JOIN film f ON i.film_id = f.film_id JOIN rental r ON i.inventory_id = r.inventory_id GROUP BY i.film_id, f.title ORDER BY total_rentals DESC LIMIT 1",Silent failure,0,1,1,wrong_aggregation,0.9,0.9 to 1.0,1,1,1578,0.000082,15544
151,V2,Llama 3.1 8B,few-shot,complex,3,sakila_1,What is the title and id of the film that has the greatest number of copies in inventory?,"SELECT T1.title , T1.film_id FROM film AS T1 JOIN inventory AS T2 ON T1.film_id = T2.film_id GROUP BY T1.film_id ORDER BY count(*) DESC LIMIT 1","SELECT T1.title, T1.film_id FROM film AS T1 JOIN inventory AS T2 ON T1.film_id = T2.film_id GROUP BY T1.film_id ORDER BY COUNT(T2.inventory_id) DESC LIMIT 1",Correct,1,1,0,none,0.95,0.9 to 1.0,1,1,2173,0.000111,21433
152,V2,Llama 3.1 8B,few-shot,complex,3,sakila_1,What is the film title and inventory id of the item in the inventory which was rented most frequently?,"SELECT T1.title , T2.inventory_id FROM film AS T1 JOIN inventory AS T2 ON T1.film_id = T2.film_id JOIN rental AS T3 ON T2.inventory_id = T3.inventory_id GROUP BY T2.inventory_id ORDER BY count(*) DESC LIMIT 1","SELECT T1.title, T3.inventory_id FROM film AS T1 JOIN inventory AS T2 ON T1.film_id = T2.film_id JOIN rental AS T3 ON T2.inventory_id = T3.inventory_id GROUP BY T3.inventory_id ORDER BY COUNT(T3.rental_id) DESC LIMIT 1",Correct,1,1,0,none,0.9,0.9 to 1.0,1,1,2195,0.000112,21682
153,V3,Llama 3.1 70B,zero-shot,complex,3,sakila_1,What is the title and id of the film that has the greatest number of copies in inventory?,"SELECT T1.title , T1.film_id FROM film AS T1 JOIN inventory AS T2 ON T1.film_id = T2.film_id GROUP BY T1.film_id ORDER BY count(*) DESC LIMIT 1","SELECT f.title, f.film_id FROM film f JOIN inventory i ON f.film_id = i.film_id GROUP BY f.film_id ORDER BY COUNT(i.inventory_id) DESC LIMIT 1",Correct,1,1,0,none,1.0,0.9 to 1.0,1,1,1536,0.000918,7532
154,V3,Llama 3.1 70B,zero-shot,complex,3,sakila_1,What is the film title and inventory id of the item in the inventory which was rented most frequently?,"SELECT T1.title , T2.inventory_id FROM film AS T1 JOIN inventory AS T2 ON T1.film_id = T2.film_id JOIN rental AS T3 ON T2.inventory_id = T3.inventory_id GROUP BY T2.inventory_id ORDER BY count(*) DESC LIMIT 1","SELECT T1.title, T3.inventory_id FROM film AS T1 JOIN inventory AS T3 ON T1.film_id = T3.film_id JOIN rental AS T2 ON T3.inventory_id = T2.inventory_id GROUP BY T3.inventory_id ORDER BY COUNT(T2.rental_id) DESC LIMIT 1",Correct,1,1,0,none,0.9,0.9 to 1.0,1,1,1563,0.000940,7439
155,V4,Llama 3.1 70B,few-shot,complex,3,sakila_1,What is the title and id of the film that has the greatest number of copies in inventory?,"SELECT T1.title , T1.film_id FROM film AS T1 JOIN inventory AS T2 ON T1.film_id = T2.film_id GROUP BY T1.film_id ORDER BY count(*) DESC LIMIT 1","SELECT T1.title, T1.film_id FROM film AS T1 JOIN ( SELECT film_id, COUNT(inventory_id) as num_copies FROM inventory GROUP BY film_id ORDER BY num_copies DESC LIMIT 1 ) AS T2 ON T1.film_id = T2.film_id",Correct,1,1,0,none,0.9,0.9 to 1.0,1,1,2196,0.001313,53699
156,V4,Llama 3.1 70B,few-shot,complex,3,sakila_1,What is the film title and inventory id of the item in the inventory which was rented most frequently?,"SELECT T1.title , T2.inventory_id FROM film AS T1 JOIN inventory AS T2 ON T1.film_id = T2.film_id JOIN rental AS T3 ON T2.inventory_id = T3.inventory_id GROUP BY T2.inventory_id ORDER BY count(*) DESC LIMIT 1","SELECT T1.title, T3.inventory_id FROM film AS T1 JOIN inventory AS T3 ON T1.film_id = T3.film_id JOIN rental AS T2 ON T3.inventory_id = T2.inventory_id GROUP BY T3.inventory_id ORDER BY COUNT(T2.rental_id) DESC LIMIT 1",Correct,1,1,0,none,0.9,0.9 to 1.0,1,1,2195,0.001312,526
157,V1,Llama 3.1 8B,zero-shot,complex,3,scientist_1,List the name of all projects that are operated longer than the average working hours of all projects.,SELECT name FROM projects WHERE hours > (SELECT avg(hours) FROM projects),SELECT Name FROM Projects WHERE Hours > (SELECT AVG(Hours) FROM Projects),Correct,1,1,0,none,1.0,0.9 to 1.0,2,2,279,0.000015,343
158,V2,Llama 3.1 8B,few-shot,complex,3,scientist_1,List the name of all projects that are operated longer than the average working hours of all projects.,SELECT name FROM projects WHERE hours > (SELECT avg(hours) FROM projects),SELECT T1.name FROM Projects AS T1 JOIN AssignedTo AS T2 ON T1.code = T2.project GROUP BY T1.code HAVING SUM(T1.hours) > (SELECT AVG(hours) FROM Projects),Silent failure,0,1,1,wrong_join,0.95,0.9 to 1.0,2,1,937,0.000049,8314
159,V3,Llama 3.1 70B,zero-shot,complex,3,scientist_1,List the name of all projects that are operated longer than the average working hours of all projects.,SELECT name FROM projects WHERE hours > (SELECT avg(hours) FROM projects),SELECT Name FROM Projects WHERE Hours > (SELECT AVG(Hours) FROM Projects),Correct,1,1,0,none,1.0,0.9 to 1.0,2,2,279,0.000171,441
160,V4,Llama 3.1 70B,few-shot,complex,3,scientist_1,List the name of all projects that are operated longer than the average working hours of all projects.,SELECT name FROM projects WHERE hours > (SELECT avg(hours) FROM projects),SELECT Name FROM Projects WHERE Hours > (SELECT AVG(Hours) FROM Projects),Correct,1,1,0,none,0.95,0.9 to 1.0,2,2,909,0.000542,4403
161,V1,Llama 3.1 8B,zero-shot,complex,3,soccer_2,Which position is most popular among players in the tryout?,SELECT pPos FROM tryout GROUP BY pPos ORDER BY count(*) DESC LIMIT 1,"SELECT pPos, COUNT(*) as count FROM Tryout GROUP BY pPos ORDER BY count DESC LIMIT 1",Silent failure,0,1,1,wrong_projection,0.9,0.9 to 1.0,1,1,349,0.000019,3303
162,V2,Llama 3.1 8B,few-shot,complex,3,soccer_2,Which position is most popular among players in the tryout?,SELECT pPos FROM tryout GROUP BY pPos ORDER BY count(*) DESC LIMIT 1,SELECT pPos FROM Tryout GROUP BY pPos ORDER BY COUNT(pPos) DESC LIMIT 1,Correct,1,1,0,none,0.9,0.9 to 1.0,1,1,975,0.000050,9283
163,V3,Llama 3.1 70B,zero-shot,complex,3,soccer_2,Which position is most popular among players in the tryout?,SELECT pPos FROM tryout GROUP BY pPos ORDER BY count(*) DESC LIMIT 1,SELECT pPos FROM Tryout GROUP BY pPos ORDER BY COUNT(pID) DESC LIMIT 1,Correct,1,1,0,none,0.9,0.9 to 1.0,1,1,347,0.000213,1325
164,V4,Llama 3.1 70B,few-shot,complex,3,soccer_2,Which position is most popular among players in the tryout?,SELECT pPos FROM tryout GROUP BY pPos ORDER BY count(*) DESC LIMIT 1,SELECT pPos FROM Tryout GROUP BY pPos ORDER BY COUNT(pID) DESC LIMIT 1,Correct,1,1,0,none,0.9,0.9 to 1.0,1,1,975,0.000582,4611
165,V1,Llama 3.1 8B,zero-shot,complex,3,store_product,What is the total population for all the districts that have an area larger tahn the average city area?,SELECT sum(city_population) FROM district WHERE city_area > (SELECT avg(city_area) FROM district),SELECT SUM(d.City_Population) FROM district d WHERE d.City_Area > (SELECT AVG(City_Area) FROM district),Correct,1,1,0,none,1.0,0.9 to 1.0,1,1,450,0.000024,4267
166,V2,Llama 3.1 8B,few-shot,complex,3,store_product,What is the total population for all the districts that have an area larger tahn the average city area?,SELECT sum(city_population) FROM district WHERE city_area > (SELECT avg(city_area) FROM district),SELECT SUM(d.City_Population) FROM district AS d WHERE d.City_Area > (SELECT AVG(City_Area) FROM district),Correct,1,1,0,none,0.95,0.9 to 1.0,1,1,1081,0.000055,10487
167,V3,Llama 3.1 70B,zero-shot,complex,3,store_product,What is the total population for all the districts that have an area larger tahn the average city area?,SELECT sum(city_population) FROM district WHERE city_area > (SELECT avg(city_area) FROM district),SELECT SUM(T1.City_Population) FROM district AS T1 WHERE T1.City_Area > (SELECT AVG(City_Area) FROM district),Correct,1,1,0,none,1.0,0.9 to 1.0,1,1,454,0.000277,281
168,V4,Llama 3.1 70B,few-shot,complex,3,store_product,What is the total population for all the districts that have an area larger tahn the average city area?,SELECT sum(city_population) FROM district WHERE city_area > (SELECT avg(city_area) FROM district),SELECT SUM(T1.City_Population) FROM district AS T1 WHERE T1.City_Area > (SELECT AVG(City_Area) FROM district),Correct,1,1,0,none,0.9,0.9 to 1.0,1,1,1084,0.000649,5491
169,V1,Llama 3.1 8B,zero-shot,complex,3,student_assessment,How many registed students do each course have? List course name and the number of their registered students?,"SELECT T3.course_name , count(*) FROM students AS T1 JOIN student_course_registrations AS T2 ON T1.student_id = T2.student_id JOIN courses AS T3 ON T2.course_id = T3.course_id GROUP BY T2.course_id","SELECT c.course_name, COUNT(s.student_id) AS registered_students FROM Courses c JOIN Student_Course_Registrations scr ON c.course_id = scr.course_id JOIN Students s ON scr.student_id = s.student_id GROUP BY c.course_name",Correct,1,1,0,none,1.0,0.9 to 1.0,4,4,699,0.000037,6388
170,V2,Llama 3.1 8B,few-shot,complex,3,student_assessment,How many registed students do each course have? List course name and the number of their registered students?,"SELECT T3.course_name , count(*) FROM students AS T1 JOIN student_course_registrations AS T2 ON T1.student_id = T2.student_id JOIN courses AS T3 ON T2.course_id = T3.course_id GROUP BY T2.course_id","SELECT C.course_name , COUNT(S.student_id) FROM Courses AS C JOIN Student_Course_Registrations AS S ON C.course_id = S.course_id GROUP BY C.course_id",Correct,1,1,0,none,0.95,0.9 to 1.0,4,4,1305,0.000067,13466
171,V3,Llama 3.1 70B,zero-shot,complex,3,student_assessment,How many registed students do each course have? List course name and the number of their registered students?,"SELECT T3.course_name , count(*) FROM students AS T1 JOIN student_course_registrations AS T2 ON T1.student_id = T2.student_id JOIN courses AS T3 ON T2.course_id = T3.course_id GROUP BY T2.course_id","SELECT C.course_name, COUNT(SCR.student_id) FROM Courses C JOIN Student_Course_Registrations SCR ON C.course_id = SCR.course_id GROUP BY C.course_name",Correct,1,1,0,none,1.0,0.9 to 1.0,4,4,675,0.000409,410
172,V4,Llama 3.1 70B,few-shot,complex,3,student_assessment,How many registed students do each course have? List course name and the number of their registered students?,"SELECT T3.course_name , count(*) FROM students AS T1 JOIN student_course_registrations AS T2 ON T1.student_id = T2.student_id JOIN courses AS T3 ON T2.course_id = T3.course_id GROUP BY T2.course_id","SELECT T1.course_name, COUNT(T2.student_id) FROM Courses AS T1 JOIN Student_Course_Registrations AS T2 ON T1.course_id = T2.course_id GROUP BY T1.course_name",Correct,1,1,0,none,0.9,0.9 to 1.0,4,4,1316,0.000789,6479
173,V1,Llama 3.1 8B,zero-shot,complex,3,tracking_grants_for_research,What is the total amount of grant money for research?,SELECT sum(grant_amount) FROM Grants AS T1 JOIN Organisations AS T2 ON T1.organisation_id = T2.organisation_id JOIN organisation_Types AS T3 ON T2.organisation_type = T3.organisation_type WHERE T3.organisation_type_description = 'Research',SELECT SUM(T1.grant_amount) FROM Grants AS T1 JOIN Organisations AS T2 ON T1.organisation_id = T2.organisation_id JOIN Organisation_Types AS T3 ON T2.organisation_type = T3.organisation_type WHERE T3.organisation_type_description = 'Research',Correct,1,1,0,none,1.0,0.9 to 1.0,1,1,921,0.000048,8542
174,V1,Llama 3.1 8B,zero-shot,complex,3,tracking_grants_for_research,What are the response received dates for the documents described as 'Regular' or granted with more than 100?,SELECT T1.response_received_date FROM Documents AS T1 JOIN Document_Types AS T2 ON T1.document_type_code = T2.document_type_code JOIN Grants AS T3 ON T1.grant_id = T3.grant_id WHERE T2.document_description = 'Regular' OR T3.grant_amount > 100,SELECT response_received_date FROM Documents WHERE document_type_code IN (SELECT document_type_code FROM Document_Types WHERE document_description = 'Regular') OR grant_amount > 100,Loud error,0,0,0,schema_error,1.0,0.9 to 1.0,10,,904,0.000047,9356
175,V2,Llama 3.1 8B,few-shot,complex,3,tracking_grants_for_research,What are the response received dates for the documents described as 'Regular' or granted with more than 100?,SELECT T1.response_received_date FROM Documents AS T1 JOIN Document_Types AS T2 ON T1.document_type_code = T2.document_type_code JOIN Grants AS T3 ON T1.grant_id = T3.grant_id WHERE T2.document_description = 'Regular' OR T3.grant_amount > 100,SELECT T1.response_received_date FROM Documents AS T1 JOIN Document_Types AS T2 ON T1.document_type_code = T2.document_type_code WHERE T2.document_description = 'Regular' OR T1.grant_id IN (SELECT grant_id FROM Grants WHERE grant_amount > 100),Correct,1,1,0,none,0.9,0.9 to 1.0,10,10,1558,0.000080,18772
176,V2,Llama 3.1 8B,few-shot,complex,3,tracking_grants_for_research,What is the total amount of grant money for research?,SELECT sum(grant_amount) FROM Grants AS T1 JOIN Organisations AS T2 ON T1.organisation_id = T2.organisation_id JOIN organisation_Types AS T3 ON T2.organisation_type = T3.organisation_type WHERE T3.organisation_type_description = 'Research',SELECT SUM(T2.grant_amount) FROM Grants AS T1 JOIN Organisations AS T2 ON T1.organisation_id = T2.organisation_id JOIN Projects AS T3 ON T2.organisation_id = T3.organisation_id WHERE T3.project_details LIKE '%research%',Loud error,0,0,0,schema_error,0.9,0.9 to 1.0,1,,1545,0.000079,15901
177,V3,Llama 3.1 70B,zero-shot,complex,3,tracking_grants_for_research,What are the response received dates for the documents described as 'Regular' or granted with more than 100?,SELECT T1.response_received_date FROM Documents AS T1 JOIN Document_Types AS T2 ON T1.document_type_code = T2.document_type_code JOIN Grants AS T3 ON T1.grant_id = T3.grant_id WHERE T2.document_description = 'Regular' OR T3.grant_amount > 100,SELECT T1.response_received_date FROM Documents AS T1 INNER JOIN Document_Types AS T2 ON T1.document_type_code = T2.document_type_code INNER JOIN Grants AS T3 ON T1.grant_id = T3.grant_id WHERE T2.document_description = 'Regular' OR T3.grant_amount > 100,Correct,1,1,0,none,0.9,0.9 to 1.0,10,10,939,0.000571,6142
178,V3,Llama 3.1 70B,zero-shot,complex,3,tracking_grants_for_research,What is the total amount of grant money for research?,SELECT sum(grant_amount) FROM Grants AS T1 JOIN Organisations AS T2 ON T1.organisation_id = T2.organisation_id JOIN organisation_Types AS T3 ON T2.organisation_type = T3.organisation_type WHERE T3.organisation_type_description = 'Research',SELECT SUM(grant_amount) FROM Grants WHERE grant_id IN ( SELECT grant_id FROM Documents WHERE document_type_code IN ( SELECT document_type_code FROM Document_Types WHERE document_description LIKE '%Research%' ) ),Silent failure,0,1,1,wrong_join,0.8,0.7 to 0.9,1,1,910,0.000550,542
179,V4,Llama 3.1 70B,few-shot,complex,3,tracking_grants_for_research,What are the response received dates for the documents described as 'Regular' or granted with more than 100?,SELECT T1.response_received_date FROM Documents AS T1 JOIN Document_Types AS T2 ON T1.document_type_code = T2.document_type_code JOIN Grants AS T3 ON T1.grant_id = T3.grant_id WHERE T2.document_description = 'Regular' OR T3.grant_amount > 100,SELECT T1.response_received_date FROM Documents AS T1 JOIN Document_Types AS T2 ON T1.document_type_code = T2.document_type_code JOIN Grants AS T3 ON T1.grant_id = T3.grant_id WHERE T2.document_description = 'Regular' OR T3.grant_amount > 100,Correct,1,1,0,none,0.9,0.9 to 1.0,10,10,1569,0.000943,7650
180,V4,Llama 3.1 70B,few-shot,complex,3,tracking_grants_for_research,What is the total amount of grant money for research?,SELECT sum(grant_amount) FROM Grants AS T1 JOIN Organisations AS T2 ON T1.organisation_id = T2.organisation_id JOIN organisation_Types AS T3 ON T2.organisation_type = T3.organisation_type WHERE T3.organisation_type_description = 'Research',SELECT SUM(grant_amount) FROM Grants,Silent failure,0,1,1,wrong_join,0.8,0.7 to 0.9,1,1,1497,0.000888,7416
181,V1,Llama 3.1 8B,zero-shot,complex,3,tracking_share_transactions,Show the transaction type code that occurs the fewest times.,SELECT transaction_type_code FROM TRANSACTIONS GROUP BY transaction_type_code ORDER BY COUNT(*) ASC LIMIT 1,SELECT transaction_type_code FROM Transactions GROUP BY transaction_type_code ORDER BY COUNT(transaction_type_code) ASC LIMIT 1,Correct,1,1,0,none,1.0,0.9 to 1.0,1,1,546,0.000029,489
182,V2,Llama 3.1 8B,few-shot,complex,3,tracking_share_transactions,Show the transaction type code that occurs the fewest times.,SELECT transaction_type_code FROM TRANSACTIONS GROUP BY transaction_type_code ORDER BY COUNT(*) ASC LIMIT 1,SELECT transaction_type_code FROM Transactions GROUP BY transaction_type_code ORDER BY COUNT(transaction_type_code) ASC LIMIT 1,Correct,1,1,0,none,0.95,0.9 to 1.0,1,1,1174,0.000060,12488
183,V3,Llama 3.1 70B,zero-shot,complex,3,tracking_share_transactions,Show the transaction type code that occurs the fewest times.,SELECT transaction_type_code FROM TRANSACTIONS GROUP BY transaction_type_code ORDER BY COUNT(*) ASC LIMIT 1,SELECT transaction_type_code FROM Transactions GROUP BY transaction_type_code ORDER BY COUNT(transaction_type_code) ASC LIMIT 1,Correct,1,1,0,none,1.0,0.9 to 1.0,1,1,546,0.000330,317
184,V4,Llama 3.1 70B,few-shot,complex,3,tracking_share_transactions,Show the transaction type code that occurs the fewest times.,SELECT transaction_type_code FROM TRANSACTIONS GROUP BY transaction_type_code ORDER BY COUNT(*) ASC LIMIT 1,SELECT transaction_type_code FROM Transactions GROUP BY transaction_type_code ORDER BY COUNT(transaction_type_code) ASC LIMIT 1,Correct,1,1,0,none,0.95,0.9 to 1.0,1,1,1178,0.000703,5403
185,V1,Llama 3.1 8B,zero-shot,complex,3,tracking_software_problems,What are the ids of the problems reported before the date of any problem reported by Lysanne Turcotte?,"SELECT T1.problem_id FROM problems AS T1 JOIN staff AS T2 ON T1.reported_by_staff_id = T2.staff_id WHERE date_problem_reported < ( SELECT min(date_problem_reported) FROM problems AS T3 JOIN staff AS T4 ON T3.reported_by_staff_id = T4.staff_id WHERE T4.staff_first_name = ""Lysanne"" AND T4.staff_last_name = ""Turcotte"" )",SELECT problem_id FROM Problems WHERE date_problem_reported < ( SELECT date_problem_reported FROM Problems WHERE reported_by_staff_id = ( SELECT staff_id FROM Staff WHERE staff_first_name = 'Lysanne' AND staff_last_name = 'Turcotte' ) ),Silent failure,0,1,1,wrong_join,1.0,0.9 to 1.0,6,14,670,0.000036,6322
186,V2,Llama 3.1 8B,few-shot,complex,3,tracking_software_problems,What are the ids of the problems reported before the date of any problem reported by Lysanne Turcotte?,"SELECT T1.problem_id FROM problems AS T1 JOIN staff AS T2 ON T1.reported_by_staff_id = T2.staff_id WHERE date_problem_reported < ( SELECT min(date_problem_reported) FROM problems AS T3 JOIN staff AS T4 ON T3.reported_by_staff_id = T4.staff_id WHERE T4.staff_first_name = ""Lysanne"" AND T4.staff_last_name = ""Turcotte"" )",SELECT problem_id FROM Problems WHERE date_problem_reported < ( SELECT date_problem_reported FROM Problems WHERE reported_by_staff_id = ( SELECT staff_id FROM Staff WHERE staff_first_name = 'Lysanne' AND staff_last_name = 'Turcotte' ) ),Silent failure,0,1,1,wrong_join,0.95,0.9 to 1.0,6,14,1289,0.000066,12582
187,V3,Llama 3.1 70B,zero-shot,complex,3,tracking_software_problems,What are the ids of the problems reported before the date of any problem reported by Lysanne Turcotte?,"SELECT T1.problem_id FROM problems AS T1 JOIN staff AS T2 ON T1.reported_by_staff_id = T2.staff_id WHERE date_problem_reported < ( SELECT min(date_problem_reported) FROM problems AS T3 JOIN staff AS T4 ON T3.reported_by_staff_id = T4.staff_id WHERE T4.staff_first_name = ""Lysanne"" AND T4.staff_last_name = ""Turcotte"" )",SELECT P1.problem_id FROM Problems P1 WHERE P1.date_problem_reported < (SELECT MIN(P2.date_problem_reported) FROM Problems P2 JOIN Staff S ON P2.reported_by_staff_id = S.staff_id WHERE S.staff_first_name = 'Lysanne' AND S.staff_last_name = 'Turcotte'),Correct,1,1,0,none,1.0,0.9 to 1.0,6,6,680,0.000419,2458
188,V4,Llama 3.1 70B,few-shot,complex,3,tracking_software_problems,What are the ids of the problems reported before the date of any problem reported by Lysanne Turcotte?,"SELECT T1.problem_id FROM problems AS T1 JOIN staff AS T2 ON T1.reported_by_staff_id = T2.staff_id WHERE date_problem_reported < ( SELECT min(date_problem_reported) FROM problems AS T3 JOIN staff AS T4 ON T3.reported_by_staff_id = T4.staff_id WHERE T4.staff_first_name = ""Lysanne"" AND T4.staff_last_name = ""Turcotte"" )",SELECT T1.problem_id FROM Problems AS T1 JOIN Staff AS T2 ON T1.reported_by_staff_id = T2.staff_id WHERE T2.staff_first_name = 'Lysanne' AND T2.staff_last_name = 'Turcotte' AND T1.date_problem_reported < (SELECT MIN(date_problem_reported) FROM Problems AS T3 JOIN Staff AS T4 ON T3.reported_by_staff_id = T4.staff_id WHERE T4.staff_first_name = 'Lysanne' AND T4.staff_last_name = 'Turcotte'),Silent failure,0,1,1,wrong_filter,0.8,0.7 to 0.9,6,0,1355,0.000826,6693
189,V1,Llama 3.1 8B,zero-shot,complex,3,wedding,Show the name and age for all male people who don't have a wedding.,"SELECT name , age FROM people WHERE is_male = 'T' AND people_id NOT IN (SELECT male_id FROM wedding)","SELECT p.Name, p.Age FROM people p LEFT JOIN wedding w ON p.People_ID = w.Male_ID WHERE w.Male_ID IS NULL",Silent failure,0,1,1,wrong_filter,1.0,0.9 to 1.0,2,8,354,0.000019,2498
190,V2,Llama 3.1 8B,few-shot,complex,3,wedding,Show the name and age for all male people who don't have a wedding.,"SELECT name , age FROM people WHERE is_male = 'T' AND people_id NOT IN (SELECT male_id FROM wedding)","SELECT T1.Name , T1.Age FROM people AS T1 LEFT JOIN wedding AS T2 ON T1.People_ID = T2.Male_ID WHERE T2.Male_ID IS NULL",Silent failure,0,1,1,wrong_filter,0.95,0.9 to 1.0,2,8,992,0.000051,9471
191,V3,Llama 3.1 70B,zero-shot,complex,3,wedding,Show the name and age for all male people who don't have a wedding.,"SELECT name , age FROM people WHERE is_male = 'T' AND people_id NOT IN (SELECT male_id FROM wedding)","SELECT p.Name, p.Age FROM people p WHERE p.Is_Male = 'True' AND p.People_ID NOT IN (SELECT Male_ID FROM wedding)",Silent failure,0,1,1,wrong_filter,1.0,0.9 to 1.0,2,0,354,0.000218,359
192,V4,Llama 3.1 70B,few-shot,complex,3,wedding,Show the name and age for all male people who don't have a wedding.,"SELECT name , age FROM people WHERE is_male = 'T' AND people_id NOT IN (SELECT male_id FROM wedding)","SELECT T1.Name, T1.Age FROM people AS T1 WHERE T1.Is_Male = 'True' AND T1.People_ID NOT IN (SELECT Male_ID FROM wedding)",Silent failure,0,1,1,wrong_filter,0.9,0.9 to 1.0,2,0,990,0.000594,4595
193,V1,Llama 3.1 8B,zero-shot,complex,3,world_1,What is the language that is used by the largest number of Asian nations?,"SELECT T2.Language FROM country AS T1 JOIN countrylanguage AS T2 ON T1.Code = T2.CountryCode WHERE T1.Continent = ""Asia"" GROUP BY T2.Language ORDER BY COUNT (*) DESC LIMIT 1",SELECT Language FROM countrylanguage WHERE Percentage = (SELECT MAX(Percentage) FROM countrylanguage WHERE Continent = 'Asia'),Loud error,0,0,0,schema_error,0.9,0.9 to 1.0,1,,592,0.000031,6662
194,V2,Llama 3.1 8B,few-shot,complex,3,world_1,What is the language that is used by the largest number of Asian nations?,"SELECT T2.Language FROM country AS T1 JOIN countrylanguage AS T2 ON T1.Code = T2.CountryCode WHERE T1.Continent = ""Asia"" GROUP BY T2.Language ORDER BY COUNT (*) DESC LIMIT 1",SELECT Language FROM countrylanguage WHERE Percentage = ( SELECT MAX(Percentage) FROM countrylanguage WHERE Continent = 'Asia' ),Loud error,0,0,0,schema_error,0.95,0.9 to 1.0,1,,1219,0.000062,16487
195,V3,Llama 3.1 70B,zero-shot,complex,3,world_1,What is the language that is used by the largest number of Asian nations?,"SELECT T2.Language FROM country AS T1 JOIN countrylanguage AS T2 ON T1.Code = T2.CountryCode WHERE T1.Continent = ""Asia"" GROUP BY T2.Language ORDER BY COUNT (*) DESC LIMIT 1",SELECT T2.Language FROM country AS T1 JOIN countrylanguage AS T2 ON T1.Code = T2.CountryCode WHERE T1.Continent = 'Asia' GROUP BY T2.Language ORDER BY COUNT(DISTINCT T1.Code) DESC LIMIT 1,Correct,1,1,0,none,1.0,0.9 to 1.0,1,1,623,0.000382,3581
196,V4,Llama 3.1 70B,few-shot,complex,3,world_1,What is the language that is used by the largest number of Asian nations?,"SELECT T2.Language FROM country AS T1 JOIN countrylanguage AS T2 ON T1.Code = T2.CountryCode WHERE T1.Continent = ""Asia"" GROUP BY T2.Language ORDER BY COUNT (*) DESC LIMIT 1",SELECT T2.Language FROM country AS T1 JOIN countrylanguage AS T2 ON T1.Code = T2.CountryCode WHERE T1.Continent = 'Asia' GROUP BY T2.Language ORDER BY COUNT(T1.Code) DESC LIMIT 1,Correct,1,1,0,none,0.9,0.9 to 1.0,1,1,1252,0.000753,9135
197,V1,Llama 3.1 8B,zero-shot,complex,3,wta_1,What are the country code and first name of the players who won in both tourney WTA Championships and Australian Open?,"SELECT T1.country_code , T1.first_name FROM players AS T1 JOIN matches AS T2 ON T1.player_id = T2.winner_id WHERE T2.tourney_name = 'WTA Championships' INTERSECT SELECT T1.country_code , T1.first_name FROM players AS T1 JOIN matches AS T2 ON T1.player_id = T2.winner_id WHERE T2.tourney_name = 'Australian Open'","SELECT p.country_code, p.first_name FROM players p JOIN matches m ON p.player_id = m.loser_id OR p.player_id = m.winner_id WHERE m.tourney_name IN ('WTA Championships', 'Australian Open') GROUP BY p.player_id HAVING COUNT(CASE WHEN m.tourney_name = 'WTA Championships' THEN 1 END) > 0 AND COUNT(CASE WHEN m.tourney_name = 'Australian Open' THEN 1 END) > 0",Silent failure,0,1,1,wrong_join,0.9,0.9 to 1.0,2,4,603,0.000034,5602
198,V2,Llama 3.1 8B,few-shot,complex,3,wta_1,What are the country code and first name of the players who won in both tourney WTA Championships and Australian Open?,"SELECT T1.country_code , T1.first_name FROM players AS T1 JOIN matches AS T2 ON T1.player_id = T2.winner_id WHERE T2.tourney_name = 'WTA Championships' INTERSECT SELECT T1.country_code , T1.first_name FROM players AS T1 JOIN matches AS T2 ON T1.player_id = T2.winner_id WHERE T2.tourney_name = 'Australian Open'","SELECT T1.country_code, T1.first_name FROM players AS T1 JOIN matches AS T2 ON T1.player_id = T2.loser_id OR T1.player_id = T2.winner_id WHERE T2.tourney_name IN ('WTA Championships', 'Australian Open') GROUP BY T1.country_code, T1.first_name HAVING COUNT(DISTINCT T2.tourney_name) = 2",Silent failure,0,1,1,wrong_join,0.9,0.9 to 1.0,2,4,1221,0.000064,12583
199,V3,Llama 3.1 70B,zero-shot,complex,3,wta_1,What are the country code and first name of the players who won in both tourney WTA Championships and Australian Open?,"SELECT T1.country_code , T1.first_name FROM players AS T1 JOIN matches AS T2 ON T1.player_id = T2.winner_id WHERE T2.tourney_name = 'WTA Championships' INTERSECT SELECT T1.country_code , T1.first_name FROM players AS T1 JOIN matches AS T2 ON T1.player_id = T2.winner_id WHERE T2.tourney_name = 'Australian Open'","SELECT DISTINCT T1.country_code, T1.first_name FROM players AS T1 JOIN matches AS T2 ON T1.player_id = T2.winner_id WHERE T2.tourney_name = 'WTA Championships' AND T1.player_id IN ( SELECT T3.winner_id FROM matches AS T3 WHERE T3.tourney_name = 'Australian Open' )",Correct,1,1,0,none,0.9,0.9 to 1.0,2,2,583,0.000364,3620
200,V4,Llama 3.1 70B,few-shot,complex,3,wta_1,What are the country code and first name of the players who won in both tourney WTA Championships and Australian Open?,"SELECT T1.country_code , T1.first_name FROM players AS T1 JOIN matches AS T2 ON T1.player_id = T2.winner_id WHERE T2.tourney_name = 'WTA Championships' INTERSECT SELECT T1.country_code , T1.first_name FROM players AS T1 JOIN matches AS T2 ON T1.player_id = T2.winner_id WHERE T2.tourney_name = 'Australian Open'","SELECT T2.country_code, T2.first_name FROM matches AS T1 JOIN players AS T2 ON T1.winner_id = T2.player_id WHERE T1.tourney_name IN ('WTA Championships', 'Australian Open') GROUP BY T2.country_code, T2.first_name HAVING COUNT(DISTINCT T1.tourney_name) = 2",Correct,1,1,0,none,0.8,0.7 to 0.9,2,2,1210,0.000732,513
201,V1,Llama 3.1 8B,zero-shot,moderate,2,activity_1,Show all the buildings that have at least 10 professors.,"SELECT building FROM Faculty WHERE rank = ""Professor"" GROUP BY building HAVING count(*) >= 10",SELECT DISTINCT Building FROM Faculty WHERE FacID IN ( SELECT FacID FROM Faculty_Participates_in GROUP BY FacID HAVING COUNT(*) >= 10 ),Silent failure,0,1,1,wrong_join,1.0,0.9 to 1.0,2,0,418,0.000023,3259
202,V1,Llama 3.1 8B,zero-shot,moderate,2,activity_1,Show all the buildings along with the number of faculty members the buildings have.,"SELECT building , count(*) FROM Faculty GROUP BY building","SELECT Building, COUNT(FacID) as num_faculty FROM Faculty GROUP BY Building",Correct,1,1,0,none,1.0,0.9 to 1.0,3,3,400,0.000021,4348
203,V2,Llama 3.1 8B,few-shot,moderate,2,activity_1,Show all the buildings along with the number of faculty members the buildings have.,"SELECT building , count(*) FROM Faculty GROUP BY building","SELECT T1.Building, COUNT(T1.FacID) AS num_faculty FROM Faculty AS T1 GROUP BY T1.Building",Correct,1,1,0,none,0.95,0.9 to 1.0,3,3,1041,0.000053,10327
204,V2,Llama 3.1 8B,few-shot,moderate,2,activity_1,Show all the buildings that have at least 10 professors.,"SELECT building FROM Faculty WHERE rank = ""Professor"" GROUP BY building HAVING count(*) >= 10",SELECT DISTINCT T1.Building FROM Faculty AS T1 JOIN Faculty_Participates_in AS T2 ON T1.FacID = T2.FacID GROUP BY T1.Building HAVING COUNT(T1.FacID) >= 10,Silent failure,0,1,1,wrong_join,0.95,0.9 to 1.0,2,2,1060,0.000055,10369
205,V3,Llama 3.1 70B,zero-shot,moderate,2,activity_1,Show all the buildings that have at least 10 professors.,"SELECT building FROM Faculty WHERE rank = ""Professor"" GROUP BY building HAVING count(*) >= 10",SELECT Building FROM Faculty GROUP BY Building HAVING COUNT(FacID) >= 10,Silent failure,0,1,1,wrong_filter,1.0,0.9 to 1.0,2,3,398,0.000242,2691
206,V3,Llama 3.1 70B,zero-shot,moderate,2,activity_1,Show all the buildings along with the number of faculty members the buildings have.,"SELECT building , count(*) FROM Faculty GROUP BY building","SELECT Building, COUNT(FacID) FROM Faculty GROUP BY Building",Correct,1,1,0,none,1.0,0.9 to 1.0,3,3,396,0.000240,2661
207,V4,Llama 3.1 70B,few-shot,moderate,2,activity_1,Show all the buildings along with the number of faculty members the buildings have.,"SELECT building , count(*) FROM Faculty GROUP BY building","SELECT Building, COUNT(FacID) FROM Faculty GROUP BY Building",Correct,1,1,0,none,0.95,0.9 to 1.0,3,3,1026,0.000611,4257
208,V4,Llama 3.1 70B,few-shot,moderate,2,activity_1,Show all the buildings that have at least 10 professors.,"SELECT building FROM Faculty WHERE rank = ""Professor"" GROUP BY building HAVING count(*) >= 10",SELECT Building FROM Faculty GROUP BY Building HAVING COUNT(FacID) >= 10,Silent failure,0,1,1,wrong_filter,0.9,0.9 to 1.0,2,3,1027,0.000612,5679
209,V1,Llama 3.1 8B,zero-shot,moderate,2,bike_1,"What are the days that had the smallest temperature range, and what was that range?","SELECT date , max_temperature_f - min_temperature_f FROM weather ORDER BY max_temperature_f - min_temperature_f LIMIT 1","SELECT date, mean_temperature_f - min_temperature_f AS temperature_range FROM weather ORDER BY temperature_range ASC LIMIT 1",Correct,1,1,0,none,1.0,0.9 to 1.0,1,1,496,0.000026,5273
210,V2,Llama 3.1 8B,few-shot,moderate,2,bike_1,"What are the days that had the smallest temperature range, and what was that range?","SELECT date , max_temperature_f - min_temperature_f FROM weather ORDER BY max_temperature_f - min_temperature_f LIMIT 1","SELECT date, mean_temperature_f - min_temperature_f AS temperature_range FROM weather ORDER BY mean_temperature_f - min_temperature_f ASC LIMIT 1",Correct,1,1,0,none,0.9,0.9 to 1.0,1,1,1131,0.000058,11438
211,V3,Llama 3.1 70B,zero-shot,moderate,2,bike_1,"What are the days that had the smallest temperature range, and what was that range?","SELECT date , max_temperature_f - min_temperature_f FROM weather ORDER BY max_temperature_f - min_temperature_f LIMIT 1","SELECT date, min_temperature_f, max_temperature_f, max_temperature_f - min_temperature_f AS temp_range FROM weather ORDER BY temp_range LIMIT 1",Silent failure,0,1,1,wrong_projection,0.9,0.9 to 1.0,1,1,501,0.000305,2729
212,V4,Llama 3.1 70B,few-shot,moderate,2,bike_1,"What are the days that had the smallest temperature range, and what was that range?","SELECT date , max_temperature_f - min_temperature_f FROM weather ORDER BY max_temperature_f - min_temperature_f LIMIT 1","SELECT date, min_temperature_f - max_temperature_f AS temp_range FROM weather ORDER BY temp_range LIMIT 1",Silent failure,0,1,1,wrong_projection,0.9,0.9 to 1.0,1,1,1125,0.000672,7610
213,V1,Llama 3.1 8B,zero-shot,moderate,2,cinema,Which locations have 2 or more cinemas with capacity over 300?,SELECT LOCATION FROM cinema WHERE capacity > 300 GROUP BY LOCATION HAVING count(*) >= 2,SELECT Location FROM cinema GROUP BY Location HAVING COUNT(CASE WHEN Capacity > 300 THEN 1 END) >= 2,Correct,1,1,0,none,1.0,0.9 to 1.0,1,1,354,0.000019,3212
214,V2,Llama 3.1 8B,few-shot,moderate,2,cinema,Which locations have 2 or more cinemas with capacity over 300?,SELECT LOCATION FROM cinema WHERE capacity > 300 GROUP BY LOCATION HAVING count(*) >= 2,SELECT T1.location FROM cinema AS T1 JOIN schedule AS T2 ON T1.cinema_id = T2.cinema_id GROUP BY T1.location HAVING COUNT(CASE WHEN T1.capacity > 300 THEN 1 END) >= 2,Silent failure,0,1,1,wrong_join,0.95,0.9 to 1.0,1,1,1009,0.000052,9495
215,V3,Llama 3.1 70B,zero-shot,moderate,2,cinema,Which locations have 2 or more cinemas with capacity over 300?,SELECT LOCATION FROM cinema WHERE capacity > 300 GROUP BY LOCATION HAVING count(*) >= 2,SELECT Location FROM cinema WHERE Capacity > 300 GROUP BY Location HAVING COUNT(Cinema_ID) >= 2,Correct,1,1,0,none,1.0,0.9 to 1.0,1,1,352,0.000216,2625
216,V4,Llama 3.1 70B,few-shot,moderate,2,cinema,Which locations have 2 or more cinemas with capacity over 300?,SELECT LOCATION FROM cinema WHERE capacity > 300 GROUP BY LOCATION HAVING count(*) >= 2,SELECT Location FROM cinema WHERE Capacity > 300 GROUP BY Location HAVING COUNT(Cinema_ID) >= 2,Correct,1,1,0,none,0.9,0.9 to 1.0,1,1,980,0.000586,4387
217,V1,Llama 3.1 8B,zero-shot,moderate,2,city_record,"What is the temperature of ""Shanghai"" city in January?","SELECT T2.Jan FROM city AS T1 JOIN temperature AS T2 ON T1.city_id = T2.city_id WHERE T1.city = ""Shanghai""",SELECT T2.Jan FROM city AS T1 JOIN temperature AS T2 ON T1.City_ID = T2.City_ID WHERE T1.City = 'Shanghai',Correct,1,1,0,none,1.0,0.9 to 1.0,1,1,433,0.000023,4276
218,V2,Llama 3.1 8B,few-shot,moderate,2,city_record,"What is the temperature of ""Shanghai"" city in January?","SELECT T2.Jan FROM city AS T1 JOIN temperature AS T2 ON T1.city_id = T2.city_id WHERE T1.city = ""Shanghai""",SELECT Jan FROM temperature WHERE City_ID = (SELECT City_ID FROM city WHERE City = 'Shanghai'),Correct,1,1,0,none,0.95,0.9 to 1.0,1,1,1049,0.000053,10389
219,V3,Llama 3.1 70B,zero-shot,moderate,2,city_record,"What is the temperature of ""Shanghai"" city in January?","SELECT T2.Jan FROM city AS T1 JOIN temperature AS T2 ON T1.city_id = T2.city_id WHERE T1.city = ""Shanghai""",SELECT T.Jan FROM city C JOIN temperature T ON C.City_ID = T.City_ID WHERE C.City = 'Shanghai',Correct,1,1,0,none,1.0,0.9 to 1.0,1,1,425,0.000259,2602
220,V4,Llama 3.1 70B,few-shot,moderate,2,city_record,"What is the temperature of ""Shanghai"" city in January?","SELECT T2.Jan FROM city AS T1 JOIN temperature AS T2 ON T1.city_id = T2.city_id WHERE T1.city = ""Shanghai""",SELECT T2.Jan FROM city AS T1 JOIN temperature AS T2 ON T1.City_ID = T2.City_ID WHERE T1.City = 'Shanghai',Correct,1,1,0,none,0.9,0.9 to 1.0,1,1,1062,0.000636,5460
221,V1,Llama 3.1 8B,zero-shot,moderate,2,college_1,"What is the first name, GPA, and phone number of the students with the top 5 GPAs?","SELECT stu_gpa , stu_phone , stu_fname FROM student ORDER BY stu_gpa DESC LIMIT 5","SELECT STU_FNAME, STU_GPA, STU_PHONE FROM STUDENT ORDER BY STU_GPA DESC LIMIT 5",Correct,1,1,0,none,1.0,0.9 to 1.0,5,5,661,0.000035,6316
222,V2,Llama 3.1 8B,few-shot,moderate,2,college_1,"What is the first name, GPA, and phone number of the students with the top 5 GPAs?","SELECT stu_gpa , stu_phone , stu_fname FROM student ORDER BY stu_gpa DESC LIMIT 5","SELECT STU_FNAME, STU_GPA, STU_PHONE FROM STUDENT ORDER BY STU_GPA DESC LIMIT 5",Correct,1,1,0,none,0.95,0.9 to 1.0,5,5,1280,0.000065,12562
223,V3,Llama 3.1 70B,zero-shot,moderate,2,college_1,"What is the first name, GPA, and phone number of the students with the top 5 GPAs?","SELECT stu_gpa , stu_phone , stu_fname FROM student ORDER BY stu_gpa DESC LIMIT 5","SELECT STU_FNAME, STU_GPA, STU_PHONE FROM STUDENT ORDER BY STU_GPA DESC LIMIT 5",Correct,1,1,0,none,1.0,0.9 to 1.0,5,5,651,0.000393,2387
224,V4,Llama 3.1 70B,few-shot,moderate,2,college_1,"What is the first name, GPA, and phone number of the students with the top 5 GPAs?","SELECT stu_gpa , stu_phone , stu_fname FROM student ORDER BY stu_gpa DESC LIMIT 5","SELECT STU_FNAME, STU_GPA, STU_PHONE FROM STUDENT ORDER BY STU_GPA DESC LIMIT 5",Correct,1,1,0,none,0.9,0.9 to 1.0,5,5,1280,0.000764,6473
225,V1,Llama 3.1 8B,zero-shot,moderate,2,college_3,Find the max and min grade point for all letter grade.,"SELECT max(gradepoint) , min(gradepoint) FROM GRADECONVERSION","SELECT MAX(T1.gradepoint) AS max_grade, MIN(T1.gradepoint) AS min_grade FROM Gradeconversion AS T1",Correct,1,1,0,none,1.0,0.9 to 1.0,1,1,632,0.000033,6482
226,V2,Llama 3.1 8B,few-shot,moderate,2,college_3,Find the max and min grade point for all letter grade.,"SELECT max(gradepoint) , min(gradepoint) FROM GRADECONVERSION","SELECT MAX(T1.gradepoint) , MIN(T1.gradepoint) FROM Gradeconversion AS T1",Correct,1,1,0,none,0.95,0.9 to 1.0,1,1,1257,0.000064,12335
227,V3,Llama 3.1 70B,zero-shot,moderate,2,college_3,Find the max and min grade point for all letter grade.,"SELECT max(gradepoint) , min(gradepoint) FROM GRADECONVERSION","SELECT MAX(gradepoint) as max_grade, MIN(gradepoint) as min_grade FROM Gradeconversion",Correct,1,1,0,none,1.0,0.9 to 1.0,1,1,625,0.000376,2571
228,V4,Llama 3.1 70B,few-shot,moderate,2,college_3,Find the max and min grade point for all letter grade.,"SELECT max(gradepoint) , min(gradepoint) FROM GRADECONVERSION","SELECT MAX(gradepoint) as max_grade, MIN(gradepoint) as min_grade FROM Gradeconversion",Correct,1,1,0,none,1.0,0.9 to 1.0,1,1,1256,0.000748,5529
229,V1,Llama 3.1 8B,zero-shot,moderate,2,county_public_safety,"What are the names of cities, as well as the names of the counties they correspond to?","SELECT T1.Name , T2.Name FROM city AS T1 JOIN county_public_safety AS T2 ON T1.County_ID = T2.County_ID","SELECT c.Name AS City_Name, cp.Name AS County_Name FROM city c JOIN county_public_safety cp ON c.County_ID = cp.County_ID",Correct,1,1,0,none,1.0,0.9 to 1.0,17,17,340,0.000018,3234
230,V2,Llama 3.1 8B,few-shot,moderate,2,county_public_safety,"What are the names of cities, as well as the names of the counties they correspond to?","SELECT T1.Name , T2.Name FROM city AS T1 JOIN county_public_safety AS T2 ON T1.County_ID = T2.County_ID","SELECT c.Name, cp.Name AS County_Name FROM city AS c JOIN county_public_safety AS cp ON c.County_ID = cp.County_ID",Correct,1,1,0,none,0.95,0.9 to 1.0,17,17,969,0.000050,9500
231,V3,Llama 3.1 70B,zero-shot,moderate,2,county_public_safety,"What are the names of cities, as well as the names of the counties they correspond to?","SELECT T1.Name , T2.Name FROM city AS T1 JOIN county_public_safety AS T2 ON T1.County_ID = T2.County_ID","SELECT c.Name, cps.Name FROM city c JOIN county_public_safety cps ON c.County_ID = cps.County_ID",Correct,1,1,0,none,1.0,0.9 to 1.0,17,17,335,0.000206,2500
232,V4,Llama 3.1 70B,few-shot,moderate,2,county_public_safety,"What are the names of cities, as well as the names of the counties they correspond to?","SELECT T1.Name , T2.Name FROM city AS T1 JOIN county_public_safety AS T2 ON T1.County_ID = T2.County_ID","SELECT T1.Name AS City_Name, T2.Name AS County_Name FROM city AS T1 JOIN county_public_safety AS T2 ON T1.County_ID = T2.County_ID",Correct,1,1,0,none,0.95,0.9 to 1.0,17,17,981,0.000590,4491
233,V1,Llama 3.1 8B,zero-shot,moderate,2,cre_Doc_Template_Mgt,What are the ids of templates with template type code PP or PPT?,"SELECT template_id FROM Templates WHERE template_type_code = ""PP"" OR template_type_code = ""PPT""","SELECT Template_ID FROM Templates WHERE Template_Type_Code IN ('PP', 'PPT')",Correct,1,1,0,none,1.0,0.9 to 1.0,9,9,376,0.000020,3238
234,V2,Llama 3.1 8B,few-shot,moderate,2,cre_Doc_Template_Mgt,What are the ids of templates with template type code PP or PPT?,"SELECT template_id FROM Templates WHERE template_type_code = ""PP"" OR template_type_code = ""PPT""","SELECT Template_ID FROM Templates WHERE Template_Type_Code IN ('PP', 'PPT')",Correct,1,1,0,none,0.95,0.9 to 1.0,9,9,1006,0.000051,4257
235,V3,Llama 3.1 70B,zero-shot,moderate,2,cre_Doc_Template_Mgt,What are the ids of templates with template type code PP or PPT?,"SELECT template_id FROM Templates WHERE template_type_code = ""PP"" OR template_type_code = ""PPT""","SELECT Template_ID FROM Templates WHERE Template_Type_Code IN ('PP', 'PPT')",Correct,1,1,0,none,1.0,0.9 to 1.0,9,9,376,0.000228,349
236,V4,Llama 3.1 70B,few-shot,moderate,2,cre_Doc_Template_Mgt,What are the ids of templates with template type code PP or PPT?,"SELECT template_id FROM Templates WHERE template_type_code = ""PP"" OR template_type_code = ""PPT""","SELECT Template_ID FROM Templates WHERE Template_Type_Code IN ('PP', 'PPT')",Correct,1,1,0,none,1.0,0.9 to 1.0,9,9,1006,0.000600,4497
237,V1,Llama 3.1 8B,zero-shot,moderate,2,cre_Docs_and_Epenses,Show the statement detail and the corresponding document name for the statement with detail 'Private Project'.,"SELECT T1.statement_details , T2.document_name FROM Statements AS T1 JOIN Documents AS T2 ON T1.statement_id = T2.document_id WHERE T1.statement_details = 'Private Project'","SELECT S.Statement_Details, D.Document_Name FROM Statements S JOIN Documents D ON S.Statement_ID = D.Document_ID WHERE S.Statement_Details = 'Private Project'",Correct,1,1,0,none,1.0,0.9 to 1.0,1,1,524,0.000028,4216
238,V2,Llama 3.1 8B,few-shot,moderate,2,cre_Docs_and_Epenses,Show the statement detail and the corresponding document name for the statement with detail 'Private Project'.,"SELECT T1.statement_details , T2.document_name FROM Statements AS T1 JOIN Documents AS T2 ON T1.statement_id = T2.document_id WHERE T1.statement_details = 'Private Project'","SELECT T1.statement_details, T3.document_name FROM Statements AS T1 JOIN Documents AS T2 ON T1.statement_id = T2.statement_id JOIN Documents_with_Expenses AS T4 ON T2.document_id = T4.document_id JOIN Documents AS T3 ON T4.document_id = T3.document_id WHERE T1.statement_details = 'Private Project'",Loud error,0,0,0,schema_error,0.8,0.7 to 0.9,1,,1200,0.000063,11601
239,V3,Llama 3.1 70B,zero-shot,moderate,2,cre_Docs_and_Epenses,Show the statement detail and the corresponding document name for the statement with detail 'Private Project'.,"SELECT T1.statement_details , T2.document_name FROM Statements AS T1 JOIN Documents AS T2 ON T1.statement_id = T2.document_id WHERE T1.statement_details = 'Private Project'","SELECT S.Statement_Details, D.Document_Name FROM Statements S JOIN Accounts A ON S.Statement_ID = A.Statement_ID JOIN Documents D ON A.Statement_ID = D.Document_ID WHERE S.Statement_Details = 'Private Project'",Silent failure,0,1,1,wrong_join,0.8,0.7 to 0.9,1,6,536,0.000328,2382
240,V4,Llama 3.1 70B,few-shot,moderate,2,cre_Docs_and_Epenses,Show the statement detail and the corresponding document name for the statement with detail 'Private Project'.,"SELECT T1.statement_details , T2.document_name FROM Statements AS T1 JOIN Documents AS T2 ON T1.statement_id = T2.document_id WHERE T1.statement_details = 'Private Project'","SELECT T1.Statement_Details, T3.Document_Name FROM Statements AS T1 JOIN Accounts AS T2 ON T1.Statement_ID = T2.Statement_ID JOIN Documents AS T3 ON T2.Statement_ID = T3.Document_ID WHERE T1.Statement_Details = 'Private Project'",Silent failure,0,1,1,wrong_join,0.9,0.9 to 1.0,1,6,1181,0.000711,5584
241,V1,Llama 3.1 8B,zero-shot,moderate,2,cre_Drama_Workshop_Groups,"What are the minimum, average, and maximum quantities ordered? Check all the invoices.","SELECT min(Order_Quantity) , avg(Order_Quantity) , max(Order_Quantity) FROM INVOICES","SELECT MIN(Order_Quantity) AS Min_Order_Quantity, AVG(Order_Quantity) AS Average_Order_Quantity, MAX(Order_Quantity) AS Max_Order_Quantity FROM Invoices",Correct,1,1,0,none,1.0,0.9 to 1.0,1,1,1603,0.000082,15422
242,V2,Llama 3.1 8B,few-shot,moderate,2,cre_Drama_Workshop_Groups,"What are the minimum, average, and maximum quantities ordered? Check all the invoices.","SELECT min(Order_Quantity) , avg(Order_Quantity) , max(Order_Quantity) FROM INVOICES","SELECT MIN(Order_Quantity) , AVG(Order_Quantity) , MAX(Order_Quantity) FROM Invoice_Items",Silent failure,0,1,1,wrong_join,0.95,0.9 to 1.0,1,1,2214,0.000112,22555
243,V3,Llama 3.1 70B,zero-shot,moderate,2,cre_Drama_Workshop_Groups,"What are the minimum, average, and maximum quantities ordered? Check all the invoices.","SELECT min(Order_Quantity) , avg(Order_Quantity) , max(Order_Quantity) FROM INVOICES","SELECT MIN(Order_Quantity), AVG(Order_Quantity), MAX(Order_Quantity) FROM Invoices",Correct,1,1,0,none,1.0,0.9 to 1.0,1,1,1580,0.000939,3689
244,V4,Llama 3.1 70B,few-shot,moderate,2,cre_Drama_Workshop_Groups,"What are the minimum, average, and maximum quantities ordered? Check all the invoices.","SELECT min(Order_Quantity) , avg(Order_Quantity) , max(Order_Quantity) FROM INVOICES","SELECT MIN(Order_Quantity), AVG(Order_Quantity), MAX(Order_Quantity) FROM Invoices",Correct,1,1,0,none,0.8,0.7 to 0.9,1,1,2211,0.001311,10520
245,V1,Llama 3.1 8B,zero-shot,moderate,2,cre_Theme_park,"Find all the locations whose names contain the word ""film"".","SELECT Location_Name FROM LOCATIONS WHERE Location_Name LIKE ""%film%""",SELECT Location_Name FROM Locations WHERE Location_Name LIKE '%film%',Correct,1,1,0,none,1.0,0.9 to 1.0,1,1,1047,0.000053,10515
246,V1,Llama 3.1 8B,zero-shot,moderate,2,cre_Theme_park,What are the names and ids of the tourist attractions that are visited at most once?,"SELECT T1.Name , T1.Tourist_Attraction_ID FROM Tourist_Attractions AS T1 JOIN VISITS AS T2 ON T1.Tourist_Attraction_ID = T2.Tourist_Attraction_ID GROUP BY T2.Tourist_Attraction_ID HAVING count(*) <= 1","SELECT T1.Name, T1.Tourist_Attraction_ID FROM Tourist_Attractions T1 WHERE T1.Tourist_Attraction_ID NOT IN ( SELECT T2.Tourist_Attraction_ID FROM Visits T2 GROUP BY T2.Tourist_Attraction_ID HAVING COUNT(T2.Tourist_Attraction_ID) > 1 )",Silent failure,0,1,1,wrong_filter,1.0,0.9 to 1.0,5,10,1137,0.000060,11618
247,V2,Llama 3.1 8B,few-shot,moderate,2,cre_Theme_park,"Find all the locations whose names contain the word ""film"".","SELECT Location_Name FROM LOCATIONS WHERE Location_Name LIKE ""%film%""",SELECT Location_Name FROM Locations WHERE Location_Name LIKE '%film%',Correct,1,1,0,none,0.95,0.9 to 1.0,1,1,1676,0.000085,16425
248,V2,Llama 3.1 8B,few-shot,moderate,2,cre_Theme_park,What are the names and ids of the tourist attractions that are visited at most once?,"SELECT T1.Name , T1.Tourist_Attraction_ID FROM Tourist_Attractions AS T1 JOIN VISITS AS T2 ON T1.Tourist_Attraction_ID = T2.Tourist_Attraction_ID GROUP BY T2.Tourist_Attraction_ID HAVING count(*) <= 1","SELECT T1.Name , T1.Tourist_Attraction_ID FROM Tourist_Attractions AS T1 JOIN Visits AS T2 ON T1.Tourist_Attraction_ID = T2.Tourist_Attraction_ID GROUP BY T1.Tourist_Attraction_ID HAVING COUNT(T2.Visit_ID) = 1",Correct,1,1,0,none,0.95,0.9 to 1.0,5,5,1738,0.000089,17509
249,V3,Llama 3.1 70B,zero-shot,moderate,2,cre_Theme_park,What are the names and ids of the tourist attractions that are visited at most once?,"SELECT T1.Name , T1.Tourist_Attraction_ID FROM Tourist_Attractions AS T1 JOIN VISITS AS T2 ON T1.Tourist_Attraction_ID = T2.Tourist_Attraction_ID GROUP BY T2.Tourist_Attraction_ID HAVING count(*) <= 1","SELECT T.Tourist_Attraction_ID, T.Name FROM Tourist_Attractions T JOIN Visits V ON T.Tourist_Attraction_ID = V.Tourist_Attraction_ID GROUP BY T.Tourist_Attraction_ID HAVING COUNT(V.Visit_ID) <= 1",Correct,1,1,0,none,0.9,0.9 to 1.0,5,5,1100,0.000664,5891
250,V3,Llama 3.1 70B,zero-shot,moderate,2,cre_Theme_park,"Find all the locations whose names contain the word ""film"".","SELECT Location_Name FROM LOCATIONS WHERE Location_Name LIKE ""%film%""",SELECT Location_Name FROM Locations WHERE Location_Name LIKE '%film%',Correct,1,1,0,none,1.0,0.9 to 1.0,1,1,1047,0.000624,2631
251,V4,Llama 3.1 70B,few-shot,moderate,2,cre_Theme_park,What are the names and ids of the tourist attractions that are visited at most once?,"SELECT T1.Name , T1.Tourist_Attraction_ID FROM Tourist_Attractions AS T1 JOIN VISITS AS T2 ON T1.Tourist_Attraction_ID = T2.Tourist_Attraction_ID GROUP BY T2.Tourist_Attraction_ID HAVING count(*) <= 1","SELECT T1.Tourist_Attraction_ID, T1.Name FROM Tourist_Attractions AS T1 JOIN Visits AS T2 ON T1.Tourist_Attraction_ID = T2.Tourist_Attraction_ID GROUP BY T1.Tourist_Attraction_ID HAVING COUNT(T2.Visit_ID) <= 1",Correct,1,1,0,none,0.9,0.9 to 1.0,5,5,1742,0.001045,8459
252,V4,Llama 3.1 70B,few-shot,moderate,2,cre_Theme_park,"Find all the locations whose names contain the word ""film"".","SELECT Location_Name FROM LOCATIONS WHERE Location_Name LIKE ""%film%""",SELECT Location_Name FROM Locations WHERE Location_Name LIKE '%film%',Correct,1,1,0,none,0.9,0.9 to 1.0,1,1,1676,0.000994,8606
253,V1,Llama 3.1 8B,zero-shot,moderate,2,customers_and_invoices,"Show the unique first names, last names, and phone numbers for all customers with any account.","SELECT DISTINCT T1.customer_first_name , T1.customer_last_name , T1.phone_number FROM Customers AS T1 JOIN Accounts AS T2 ON T1.customer_id = T2.customer_id","SELECT DISTINCT C.customer_first_name, C.customer_last_name, C.phone_number FROM Customers C INNER JOIN Accounts A ON C.customer_id = A.customer_id",Correct,1,1,0,none,1.0,0.9 to 1.0,7,7,955,0.000049,9331
254,V2,Llama 3.1 8B,few-shot,moderate,2,customers_and_invoices,"Show the unique first names, last names, and phone numbers for all customers with any account.","SELECT DISTINCT T1.customer_first_name , T1.customer_last_name , T1.phone_number FROM Customers AS T1 JOIN Accounts AS T2 ON T1.customer_id = T2.customer_id","SELECT DISTINCT T1.customer_first_name, T1.customer_last_name, T1.phone_number FROM Customers AS T1 JOIN Accounts AS T2 ON T1.customer_id = T2.customer_id",Correct,1,1,0,none,0.95,0.9 to 1.0,7,7,1584,0.000081,20535
255,V3,Llama 3.1 70B,zero-shot,moderate,2,customers_and_invoices,"Show the unique first names, last names, and phone numbers for all customers with any account.","SELECT DISTINCT T1.customer_first_name , T1.customer_last_name , T1.phone_number FROM Customers AS T1 JOIN Accounts AS T2 ON T1.customer_id = T2.customer_id","SELECT DISTINCT C.customer_first_name, C.customer_last_name, C.phone_number FROM Customers C JOIN Accounts A ON C.customer_id = A.customer_id",Correct,1,1,0,none,1.0,0.9 to 1.0,7,7,944,0.000566,2635
256,V4,Llama 3.1 70B,few-shot,moderate,2,customers_and_invoices,"Show the unique first names, last names, and phone numbers for all customers with any account.","SELECT DISTINCT T1.customer_first_name , T1.customer_last_name , T1.phone_number FROM Customers AS T1 JOIN Accounts AS T2 ON T1.customer_id = T2.customer_id","SELECT DISTINCT T1.customer_first_name, T1.customer_last_name, T1.phone_number FROM Customers AS T1 JOIN Accounts AS T2 ON T1.customer_id = T2.customer_id",Correct,1,1,0,none,0.9,0.9 to 1.0,7,7,1585,0.000946,7647
257,V1,Llama 3.1 8B,zero-shot,moderate,2,customers_and_products_contacts,"Show the name, phone, and payment method code for all customers in descending order of customer number.","SELECT customer_name , customer_phone , payment_method_code FROM customers ORDER BY customer_number DESC","SELECT customer_name, customer_phone, payment_method_code FROM Customers ORDER BY customer_number DESC",Correct,1,1,0,none,1.0,0.9 to 1.0,15,15,611,0.000032,5663
258,V2,Llama 3.1 8B,few-shot,moderate,2,customers_and_products_contacts,"Show the name, phone, and payment method code for all customers in descending order of customer number.","SELECT customer_name , customer_phone , payment_method_code FROM customers ORDER BY customer_number DESC","SELECT customer_name, customer_phone, payment_method_code FROM Customers ORDER BY customer_number DESC",Correct,1,1,0,none,0.95,0.9 to 1.0,15,15,1231,0.000063,12539
259,V3,Llama 3.1 70B,zero-shot,moderate,2,customers_and_products_contacts,"Show the name, phone, and payment method code for all customers in descending order of customer number.","SELECT customer_name , customer_phone , payment_method_code FROM customers ORDER BY customer_number DESC","SELECT customer_name, customer_phone, payment_method_code FROM Customers ORDER BY customer_number DESC",Correct,1,1,0,none,1.0,0.9 to 1.0,15,15,601,0.000361,2461
260,V4,Llama 3.1 70B,few-shot,moderate,2,customers_and_products_contacts,"Show the name, phone, and payment method code for all customers in descending order of customer number.","SELECT customer_name , customer_phone , payment_method_code FROM customers ORDER BY customer_number DESC","SELECT customer_name, customer_phone, payment_method_code FROM Customers ORDER BY customer_number DESC",Correct,1,1,0,none,0.95,0.9 to 1.0,15,15,1231,0.000733,6545
261,V1,Llama 3.1 8B,zero-shot,moderate,2,customers_card_transactions,"What are the different card types, and how many cards are there of each?","SELECT card_type_code , count(*) FROM Customers_cards GROUP BY card_type_code","SELECT card_type_code, COUNT(card_id) as total_cards FROM Customers_Cards GROUP BY card_type_code",Correct,1,1,0,none,1.0,0.9 to 1.0,2,2,474,0.000025,5511
262,V2,Llama 3.1 8B,few-shot,moderate,2,customers_card_transactions,"What are the different card types, and how many cards are there of each?","SELECT card_type_code , count(*) FROM Customers_cards GROUP BY card_type_code","SELECT card_type_code, COUNT(card_id) as card_count FROM Customers_Cards GROUP BY card_type_code",Correct,1,1,0,none,0.95,0.9 to 1.0,2,2,1096,0.000056,11320
263,V3,Llama 3.1 70B,zero-shot,moderate,2,customers_card_transactions,"What are the different card types, and how many cards are there of each?","SELECT card_type_code , count(*) FROM Customers_cards GROUP BY card_type_code","SELECT card_type_code, COUNT(card_id) FROM Customers_Cards GROUP BY card_type_code",Correct,1,1,0,none,1.0,0.9 to 1.0,2,2,463,0.000280,2388
264,V4,Llama 3.1 70B,few-shot,moderate,2,customers_card_transactions,"What are the different card types, and how many cards are there of each?","SELECT card_type_code , count(*) FROM Customers_cards GROUP BY card_type_code","SELECT card_type_code, COUNT(*) as number_of_cards FROM Customers_Cards GROUP BY card_type_code",Correct,1,1,0,none,0.95,0.9 to 1.0,2,2,1095,0.000653,5340
265,V1,Llama 3.1 8B,zero-shot,moderate,2,decoration_competition,"Show the names of members whose country is ""United States"" or ""Canada"".","SELECT Name FROM member WHERE Country = ""United States"" OR Country = ""Canada""","SELECT Name FROM member WHERE Country IN ('United States', 'Canada')",Correct,1,1,0,none,1.0,0.9 to 1.0,10,10,308,0.000016,3203
266,V2,Llama 3.1 8B,few-shot,moderate,2,decoration_competition,"Show the names of members whose country is ""United States"" or ""Canada"".","SELECT Name FROM member WHERE Country = ""United States"" OR Country = ""Canada""",SELECT name FROM member WHERE country = 'United States' OR country = 'Canada',Correct,1,1,0,none,0.95,0.9 to 1.0,10,10,941,0.000048,9367
267,V3,Llama 3.1 70B,zero-shot,moderate,2,decoration_competition,"Show the names of members whose country is ""United States"" or ""Canada"".","SELECT Name FROM member WHERE Country = ""United States"" OR Country = ""Canada""",SELECT Name FROM member WHERE Country = 'United States' OR Country = 'Canada',Correct,1,1,0,none,1.0,0.9 to 1.0,10,10,311,0.000190,2403
268,V4,Llama 3.1 70B,few-shot,moderate,2,decoration_competition,"Show the names of members whose country is ""United States"" or ""Canada"".","SELECT Name FROM member WHERE Country = ""United States"" OR Country = ""Canada""",SELECT Name FROM member WHERE Country = 'United States' OR Country = 'Canada',Correct,1,1,0,none,0.95,0.9 to 1.0,10,10,941,0.000561,4371
269,V1,Llama 3.1 8B,zero-shot,moderate,2,department_management,What are the distinct ages of the heads who are acting?,SELECT DISTINCT T1.age FROM management AS T2 JOIN head AS T1 ON T1.head_id = T2.head_id WHERE T2.temporary_acting = 'Yes',SELECT DISTINCT T2.age FROM management AS T1 JOIN head AS T2 ON T1.head_ID = T2.head_ID WHERE T1.temporary_acting = 'acting',Silent failure,0,1,1,wrong_filter,1.0,0.9 to 1.0,3,0,333,0.000018,3278
270,V2,Llama 3.1 8B,few-shot,moderate,2,department_management,What are the distinct ages of the heads who are acting?,SELECT DISTINCT T1.age FROM management AS T2 JOIN head AS T1 ON T1.head_id = T2.head_id WHERE T2.temporary_acting = 'Yes',SELECT DISTINCT T2.age FROM management AS T1 JOIN head AS T2 ON T1.head_ID = T2.head_ID WHERE T1.temporary_acting = 'acting',Silent failure,0,1,1,wrong_filter,0.9,0.9 to 1.0,3,0,962,0.000050,9414
271,V3,Llama 3.1 70B,zero-shot,moderate,2,department_management,What are the distinct ages of the heads who are acting?,SELECT DISTINCT T1.age FROM management AS T2 JOIN head AS T1 ON T1.head_id = T2.head_id WHERE T2.temporary_acting = 'Yes',SELECT DISTINCT h.age FROM head h JOIN management m ON h.head_ID = m.head_ID WHERE m.temporary_acting = 'acting',Silent failure,0,1,1,wrong_filter,1.0,0.9 to 1.0,3,0,325,0.000201,2294
272,V4,Llama 3.1 70B,few-shot,moderate,2,department_management,What are the distinct ages of the heads who are acting?,SELECT DISTINCT T1.age FROM management AS T2 JOIN head AS T1 ON T1.head_id = T2.head_id WHERE T2.temporary_acting = 'Yes',SELECT DISTINCT T1.age FROM head AS T1 JOIN management AS T2 ON T1.head_ID = T2.head_ID WHERE T2.temporary_acting = 'acting',Silent failure,0,1,1,wrong_filter,0.8,0.7 to 0.9,3,0,962,0.000578,5557
273,V1,Llama 3.1 8B,zero-shot,moderate,2,department_store,Count the number of stores the chain South has.,"SELECT count(*) FROM department_stores AS T1 JOIN department_store_chain AS T2 ON T1.dept_store_chain_id = T2.dept_store_chain_id WHERE T2.dept_store_chain_name = ""South""",SELECT COUNT(*) FROM Department_Stores WHERE dept_store_chain_id IN ( SELECT dept_store_chain_id FROM Department_Store_Chain WHERE dept_store_chain_name = 'South' ),Correct,1,1,0,none,1.0,0.9 to 1.0,1,1,1068,0.000055,11414
274,V2,Llama 3.1 8B,few-shot,moderate,2,department_store,Count the number of stores the chain South has.,"SELECT count(*) FROM department_stores AS T1 JOIN department_store_chain AS T2 ON T1.dept_store_chain_id = T2.dept_store_chain_id WHERE T2.dept_store_chain_name = ""South""",SELECT COUNT(T1.dept_store_id) FROM Department_Stores AS T1 JOIN Department_Store_Chain AS T2 ON T1.dept_store_chain_id = T2.dept_store_chain_id WHERE T2.dept_store_chain_name = 'South',Correct,1,1,0,none,0.95,0.9 to 1.0,1,1,1711,0.000088,11553
275,V3,Llama 3.1 70B,zero-shot,moderate,2,department_store,Count the number of stores the chain South has.,"SELECT count(*) FROM department_stores AS T1 JOIN department_store_chain AS T2 ON T1.dept_store_chain_id = T2.dept_store_chain_id WHERE T2.dept_store_chain_name = ""South""",SELECT COUNT(DS.dept_store_id) FROM Department_Stores DS JOIN Department_Store_Chain DSC ON DS.dept_store_chain_id = DSC.dept_store_chain_id WHERE DSC.dept_store_chain_name = 'South',Correct,1,1,0,none,1.0,0.9 to 1.0,1,1,1078,0.000649,381
276,V4,Llama 3.1 70B,few-shot,moderate,2,department_store,Count the number of stores the chain South has.,"SELECT count(*) FROM department_stores AS T1 JOIN department_store_chain AS T2 ON T1.dept_store_chain_id = T2.dept_store_chain_id WHERE T2.dept_store_chain_name = ""South""",SELECT COUNT(T2.dept_store_id) FROM Department_Store_Chain AS T1 JOIN Department_Stores AS T2 ON T1.dept_store_chain_id = T2.dept_store_chain_id WHERE T1.dept_store_chain_name = 'South',Correct,1,1,0,none,0.9,0.9 to 1.0,1,1,1715,0.001026,8651
277,V1,Llama 3.1 8B,zero-shot,moderate,2,dorm_1,Find the capacity and gender type of the dorm whose name has substring ‘Donor’.,"SELECT student_capacity , gender FROM dorm WHERE dorm_name LIKE '%Donor%'","SELECT student_capacity, gender FROM Dorm WHERE dorm_name LIKE '%Donor%'",Correct,1,1,0,none,1.0,0.9 to 1.0,1,1,401,0.000021,4402
278,V2,Llama 3.1 8B,few-shot,moderate,2,dorm_1,Find the capacity and gender type of the dorm whose name has substring ‘Donor’.,"SELECT student_capacity , gender FROM dorm WHERE dorm_name LIKE '%Donor%'","SELECT student_capacity, gender FROM Dorm WHERE dorm_name LIKE '%Donor%'",Correct,1,1,0,none,0.95,0.9 to 1.0,1,1,1030,0.000052,10526
279,V3,Llama 3.1 70B,zero-shot,moderate,2,dorm_1,Find the capacity and gender type of the dorm whose name has substring ‘Donor’.,"SELECT student_capacity , gender FROM dorm WHERE dorm_name LIKE '%Donor%'","SELECT student_capacity, gender FROM Dorm WHERE dorm_name LIKE '%Donor%'",Correct,1,1,0,none,1.0,0.9 to 1.0,1,1,401,0.000243,2701
280,V4,Llama 3.1 70B,few-shot,moderate,2,dorm_1,Find the capacity and gender type of the dorm whose name has substring ‘Donor’.,"SELECT student_capacity , gender FROM dorm WHERE dorm_name LIKE '%Donor%'","SELECT student_capacity, gender FROM Dorm WHERE dorm_name LIKE '%Donor%'",Correct,1,1,0,none,0.95,0.9 to 1.0,1,1,1030,0.000614,4407
281,V1,Llama 3.1 8B,zero-shot,moderate,2,driving_school,What is the nickname of the employee named Janessa Sawayn?,"SELECT nickname FROM Staff WHERE first_name = ""Janessa"" AND last_name = ""Sawayn"";",SELECT nickname FROM Staff WHERE first_name = 'Janessa' AND last_name = 'Sawayn',Correct,1,1,0,none,1.0,0.9 to 1.0,1,1,667,0.000034,6475
282,V1,Llama 3.1 8B,zero-shot,moderate,2,driving_school,How much in total does customer with first name as Carole and last name as Bernhard paid?,"SELECT sum(T1.amount_payment) FROM Customer_Payments AS T1 JOIN Customers AS T2 ON T1.customer_id = T2.customer_id WHERE T2.first_name = ""Carole"" AND T2.last_name = ""Bernhard""",SELECT SUM(CP.amount_payment) FROM Customer_Payments CP JOIN Customers C ON CP.customer_id = C.customer_id WHERE C.first_name = 'Carole' AND C.last_name = 'Bernhard',Correct,1,1,0,none,1.0,0.9 to 1.0,1,1,695,0.000037,6367
283,V2,Llama 3.1 8B,few-shot,moderate,2,driving_school,What is the nickname of the employee named Janessa Sawayn?,"SELECT nickname FROM Staff WHERE first_name = ""Janessa"" AND last_name = ""Sawayn"";",SELECT nickname FROM Staff WHERE first_name = 'Janessa' AND last_name = 'Sawayn',Correct,1,1,0,none,0.95,0.9 to 1.0,1,1,1297,0.000066,12641
284,V2,Llama 3.1 8B,few-shot,moderate,2,driving_school,How much in total does customer with first name as Carole and last name as Bernhard paid?,"SELECT sum(T1.amount_payment) FROM Customer_Payments AS T1 JOIN Customers AS T2 ON T1.customer_id = T2.customer_id WHERE T2.first_name = ""Carole"" AND T2.last_name = ""Bernhard""",SELECT SUM(T2.amount_payment) FROM Customers AS T1 JOIN Customer_Payments AS T2 ON T1.customer_id = T2.customer_id WHERE T1.first_name = 'Carole' AND T1.last_name = 'Bernhard',Correct,1,1,0,none,0.95,0.9 to 1.0,1,1,1332,0.000069,13422
285,V3,Llama 3.1 70B,zero-shot,moderate,2,driving_school,How much in total does customer with first name as Carole and last name as Bernhard paid?,"SELECT sum(T1.amount_payment) FROM Customer_Payments AS T1 JOIN Customers AS T2 ON T1.customer_id = T2.customer_id WHERE T2.first_name = ""Carole"" AND T2.last_name = ""Bernhard""",SELECT SUM(cp.amount_payment) FROM Customer_Payments cp JOIN Customers c ON cp.customer_id = c.customer_id WHERE c.first_name = 'Carole' AND c.last_name = 'Bernhard',Correct,1,1,0,none,1.0,0.9 to 1.0,1,1,694,0.000421,2429
286,V3,Llama 3.1 70B,zero-shot,moderate,2,driving_school,What is the nickname of the employee named Janessa Sawayn?,"SELECT nickname FROM Staff WHERE first_name = ""Janessa"" AND last_name = ""Sawayn"";",SELECT nickname FROM Staff WHERE first_name = 'Janessa' AND last_name = 'Sawayn',Correct,1,1,0,none,1.0,0.9 to 1.0,1,1,667,0.000401,2397
287,V4,Llama 3.1 70B,few-shot,moderate,2,driving_school,How much in total does customer with first name as Carole and last name as Bernhard paid?,"SELECT sum(T1.amount_payment) FROM Customer_Payments AS T1 JOIN Customers AS T2 ON T1.customer_id = T2.customer_id WHERE T2.first_name = ""Carole"" AND T2.last_name = ""Bernhard""",SELECT SUM(T1.amount_payment) FROM Customer_Payments AS T1 JOIN Customers AS T2 ON T1.customer_id = T2.customer_id WHERE T2.first_name = 'Carole' AND T2.last_name = 'Bernhard',Correct,1,1,0,none,0.9,0.9 to 1.0,1,1,1332,0.000799,6462
288,V4,Llama 3.1 70B,few-shot,moderate,2,driving_school,What is the nickname of the employee named Janessa Sawayn?,"SELECT nickname FROM Staff WHERE first_name = ""Janessa"" AND last_name = ""Sawayn"";",SELECT nickname FROM Staff WHERE first_name = 'Janessa' AND last_name = 'Sawayn',Correct,1,1,0,none,0.9,0.9 to 1.0,1,1,1297,0.000772,6573
289,V1,Llama 3.1 8B,zero-shot,moderate,2,e_learning,List all the login names and family names of course author and tutors.,"SELECT login_name , family_name FROM Course_Authors_and_Tutors","SELECT login_name, family_name FROM Course_Authors_and_Tutors",Correct,1,1,0,none,1.0,0.9 to 1.0,15,15,587,0.000030,5661
290,V2,Llama 3.1 8B,few-shot,moderate,2,e_learning,List all the login names and family names of course author and tutors.,"SELECT login_name , family_name FROM Course_Authors_and_Tutors","SELECT login_name, family_name FROM Course_Authors_and_Tutors",Correct,1,1,0,none,0.95,0.9 to 1.0,15,15,1218,0.000062,11638
291,V3,Llama 3.1 70B,zero-shot,moderate,2,e_learning,List all the login names and family names of course author and tutors.,"SELECT login_name , family_name FROM Course_Authors_and_Tutors","SELECT login_name, family_name FROM Course_Authors_and_Tutors",Correct,1,1,0,none,1.0,0.9 to 1.0,15,15,587,0.000352,2352
292,V4,Llama 3.1 70B,few-shot,moderate,2,e_learning,List all the login names and family names of course author and tutors.,"SELECT login_name , family_name FROM Course_Authors_and_Tutors","SELECT login_name, family_name FROM Course_Authors_and_Tutors",Correct,1,1,0,none,1.0,0.9 to 1.0,15,15,1218,0.000724,6326
293,V1,Llama 3.1 8B,zero-shot,moderate,2,election_representative,What are the names of representatives with more than 10000 votes in election?,SELECT T2.Name FROM election AS T1 JOIN representative AS T2 ON T1.Representative_ID = T2.Representative_ID WHERE Votes > 10000,SELECT r.Name FROM representative r JOIN election e ON r.Representative_ID = e.Representative_ID WHERE e.Votes > 10000,Correct,1,1,0,none,1.0,0.9 to 1.0,4,4,296,0.000016,1401
294,V2,Llama 3.1 8B,few-shot,moderate,2,election_representative,What are the names of representatives with more than 10000 votes in election?,SELECT T2.Name FROM election AS T1 JOIN representative AS T2 ON T1.Representative_ID = T2.Representative_ID WHERE Votes > 10000,SELECT T2.Name FROM election AS T1 JOIN representative AS T2 ON T1.Representative_ID = T2.Representative_ID WHERE T1.Votes > 10000,Correct,1,1,0,none,0.95,0.9 to 1.0,4,4,933,0.000048,9431
295,V3,Llama 3.1 70B,zero-shot,moderate,2,election_representative,What are the names of representatives with more than 10000 votes in election?,SELECT T2.Name FROM election AS T1 JOIN representative AS T2 ON T1.Representative_ID = T2.Representative_ID WHERE Votes > 10000,SELECT T2.Name FROM election AS T1 INNER JOIN representative AS T2 ON T1.Representative_ID = T2.Representative_ID WHERE T1.Votes > 10000,Correct,1,1,0,none,1.0,0.9 to 1.0,4,4,306,0.000192,2652
296,V4,Llama 3.1 70B,few-shot,moderate,2,election_representative,What are the names of representatives with more than 10000 votes in election?,SELECT T2.Name FROM election AS T1 JOIN representative AS T2 ON T1.Representative_ID = T2.Representative_ID WHERE Votes > 10000,SELECT T2.Name FROM election AS T1 JOIN representative AS T2 ON T1.Representative_ID = T2.Representative_ID WHERE T1.Votes > 10000,Correct,1,1,0,none,0.9,0.9 to 1.0,4,4,933,0.000561,4482
297,V1,Llama 3.1 8B,zero-shot,moderate,2,formula_1,What are the names of all races that occurred after 12:00:00 or before 09:00:00?,"SELECT name FROM races WHERE TIME > ""12:00:00"" OR TIME < ""09:00:00""",SELECT name FROM races WHERE time > '12:00:00' OR time < '09:00:00',Correct,1,1,0,none,1.0,0.9 to 1.0,869,869,1217,0.000062,13328
298,V2,Llama 3.1 8B,few-shot,moderate,2,formula_1,What are the names of all races that occurred after 12:00:00 or before 09:00:00?,"SELECT name FROM races WHERE TIME > ""12:00:00"" OR TIME < ""09:00:00""",SELECT T1.name FROM races AS T1 JOIN results AS T2 ON T1.raceId = T2.raceId WHERE T2.time > '12:00:00' OR T2.time < '09:00:00',Silent failure,0,1,1,wrong_join,0.95,0.9 to 1.0,869,10000,1875,0.000096,17565
299,V3,Llama 3.1 70B,zero-shot,moderate,2,formula_1,What are the names of all races that occurred after 12:00:00 or before 09:00:00?,"SELECT name FROM races WHERE TIME > ""12:00:00"" OR TIME < ""09:00:00""",SELECT name FROM races WHERE time > '12:00:00' OR time < '09:00:00',Correct,1,1,0,none,1.0,0.9 to 1.0,869,869,1219,0.000727,6588
300,V4,Llama 3.1 70B,few-shot,moderate,2,formula_1,What are the names of all races that occurred after 12:00:00 or before 09:00:00?,"SELECT name FROM races WHERE TIME > ""12:00:00"" OR TIME < ""09:00:00""",SELECT name FROM races WHERE time > '12:00:00' OR time < '09:00:00',Correct,1,1,0,none,0.9,0.9 to 1.0,869,869,1849,0.001099,8339
301,V1,Llama 3.1 8B,zero-shot,moderate,2,hr_1,display the employee ID for each employee and the date on which he ended his previous job.,"SELECT employee_id , MAX(end_date) FROM job_history GROUP BY employee_id","SELECT e.employee_id, jh.end_date FROM employees e LEFT JOIN job_history jh ON e.employee_id = jh.employee_id AND jh.end_date = ( SELECT MAX(end_date) FROM job_history WHERE employee_id = e.employee_id )",Silent failure,0,1,1,wrong_join,0.9,0.9 to 1.0,8,107,885,0.000046,8513
302,V2,Llama 3.1 8B,few-shot,moderate,2,hr_1,display the employee ID for each employee and the date on which he ended his previous job.,"SELECT employee_id , MAX(end_date) FROM job_history GROUP BY employee_id","SELECT E.employee_id, JH.end_date FROM employees E JOIN job_history JH ON E.employee_id = JH.employee_id ORDER BY E.employee_id",Silent failure,0,1,1,wrong_join,0.95,0.9 to 1.0,8,10,1495,0.000076,14983
303,V3,Llama 3.1 70B,zero-shot,moderate,2,hr_1,display the employee ID for each employee and the date on which he ended his previous job.,"SELECT employee_id , MAX(end_date) FROM job_history GROUP BY employee_id","SELECT e.EMPLOYEE_ID, jh.END_DATE FROM employees e JOIN job_history jh ON e.EMPLOYEE_ID = jh.EMPLOYEE_ID ORDER BY e.EMPLOYEE_ID",Silent failure,0,1,1,wrong_join,0.9,0.9 to 1.0,8,10,871,0.000525,2625
304,V4,Llama 3.1 70B,few-shot,moderate,2,hr_1,display the employee ID for each employee and the date on which he ended his previous job.,"SELECT employee_id , MAX(end_date) FROM job_history GROUP BY employee_id","SELECT E.EMPLOYEE_ID, JH.END_DATE FROM employees E JOIN job_history JH ON E.EMPLOYEE_ID = JH.EMPLOYEE_ID ORDER BY E.EMPLOYEE_ID",Silent failure,0,1,1,wrong_join,0.8,0.7 to 0.9,8,10,1503,0.000898,7930
305,V1,Llama 3.1 8B,zero-shot,moderate,2,inn_1,Which room has the highest base price?,"SELECT RoomId , roomName FROM Rooms ORDER BY basePrice DESC LIMIT 1;",SELECT roomName FROM Rooms ORDER BY basePrice DESC LIMIT 1,Silent failure,0,1,1,wrong_projection,1.0,0.9 to 1.0,1,1,306,0.000016,3208
306,V2,Llama 3.1 8B,few-shot,moderate,2,inn_1,Which room has the highest base price?,"SELECT RoomId , roomName FROM Rooms ORDER BY basePrice DESC LIMIT 1;",SELECT RoomId FROM Rooms ORDER BY basePrice DESC LIMIT 1,Silent failure,0,1,1,wrong_projection,0.95,0.9 to 1.0,1,1,938,0.000048,9402
307,V3,Llama 3.1 70B,zero-shot,moderate,2,inn_1,Which room has the highest base price?,"SELECT RoomId , roomName FROM Rooms ORDER BY basePrice DESC LIMIT 1;",SELECT roomName FROM Rooms ORDER BY basePrice DESC LIMIT 1,Silent failure,0,1,1,wrong_projection,1.0,0.9 to 1.0,1,1,309,0.000189,2393
308,V4,Llama 3.1 70B,few-shot,moderate,2,inn_1,Which room has the highest base price?,"SELECT RoomId , roomName FROM Rooms ORDER BY basePrice DESC LIMIT 1;",SELECT roomName FROM Rooms ORDER BY basePrice DESC LIMIT 1,Silent failure,0,1,1,wrong_projection,0.95,0.9 to 1.0,1,1,938,0.000559,5372
309,V1,Llama 3.1 8B,zero-shot,moderate,2,local_govt_mdm,what are the details of the cmi masters that have the cross reference code 'Tax'?,SELECT T1.cmi_details FROM Customer_Master_Index AS T1 JOIN CMI_Cross_References AS T2 ON T1.master_customer_id = T2.master_customer_id WHERE T2.source_system_code = 'Tax',SELECT cmi_details FROM Customer_Master_Index WHERE master_customer_id IN ( SELECT master_customer_id FROM CMI_Cross_References WHERE source_system_code = 'Tax' ),Silent failure,0,1,1,wrong_filter,0.9,0.9 to 1.0,6,4,617,0.000032,6277
310,V2,Llama 3.1 8B,few-shot,moderate,2,local_govt_mdm,what are the details of the cmi masters that have the cross reference code 'Tax'?,SELECT T1.cmi_details FROM Customer_Master_Index AS T1 JOIN CMI_Cross_References AS T2 ON T1.master_customer_id = T2.master_customer_id WHERE T2.source_system_code = 'Tax',SELECT cmi_details FROM Customer_Master_Index AS T1 JOIN CMI_Cross_References AS T2 ON T1.master_customer_id = T2.master_customer_id WHERE T2.source_system_code = 'Tax',Correct,1,1,0,none,0.9,0.9 to 1.0,6,6,1251,0.000064,12543
311,V3,Llama 3.1 70B,zero-shot,moderate,2,local_govt_mdm,what are the details of the cmi masters that have the cross reference code 'Tax'?,SELECT T1.cmi_details FROM Customer_Master_Index AS T1 JOIN CMI_Cross_References AS T2 ON T1.master_customer_id = T2.master_customer_id WHERE T2.source_system_code = 'Tax',SELECT cmi.cmi_details FROM Customer_Master_Index cmi JOIN CMI_Cross_References ccr ON cmi.master_customer_id = ccr.master_customer_id WHERE ccr.source_system_code = 'Tax',Correct,1,1,0,none,1.0,0.9 to 1.0,6,6,622,0.000379,2492
312,V4,Llama 3.1 70B,few-shot,moderate,2,local_govt_mdm,what are the details of the cmi masters that have the cross reference code 'Tax'?,SELECT T1.cmi_details FROM Customer_Master_Index AS T1 JOIN CMI_Cross_References AS T2 ON T1.master_customer_id = T2.master_customer_id WHERE T2.source_system_code = 'Tax',SELECT T1.cmi_details FROM Customer_Master_Index AS T1 JOIN CMI_Cross_References AS T2 ON T1.master_customer_id = T2.master_customer_id WHERE T2.source_system_code = 'Tax',Correct,1,1,0,none,0.9,0.9 to 1.0,6,6,1253,0.000751,6509
313,V1,Llama 3.1 8B,zero-shot,moderate,2,medicine_enzyme_interaction,"Which enzyme names have the substring ""ALA""?","SELECT name FROM enzyme WHERE name LIKE ""%ALA%""",SELECT name FROM enzyme WHERE name LIKE '%ALA%',Correct,1,1,0,none,1.0,0.9 to 1.0,2,2,298,0.000016,3177
314,V2,Llama 3.1 8B,few-shot,moderate,2,medicine_enzyme_interaction,"Which enzyme names have the substring ""ALA""?","SELECT name FROM enzyme WHERE name LIKE ""%ALA%""",SELECT name FROM enzyme WHERE name LIKE '%ALA%',Correct,1,1,0,none,0.95,0.9 to 1.0,2,2,929,0.000047,8452
315,V3,Llama 3.1 70B,zero-shot,moderate,2,medicine_enzyme_interaction,"Which enzyme names have the substring ""ALA""?","SELECT name FROM enzyme WHERE name LIKE ""%ALA%""",SELECT name FROM enzyme WHERE name LIKE '%ALA%',Correct,1,1,0,none,1.0,0.9 to 1.0,2,2,297,0.000180,2303
316,V4,Llama 3.1 70B,few-shot,moderate,2,medicine_enzyme_interaction,"Which enzyme names have the substring ""ALA""?","SELECT name FROM enzyme WHERE name LIKE ""%ALA%""",SELECT name FROM enzyme WHERE name LIKE '%ALA%',Correct,1,1,0,none,0.95,0.9 to 1.0,2,2,929,0.000553,3460
317,V1,Llama 3.1 8B,zero-shot,moderate,2,movie_1,What are the titles of all movies that have rating star is between 3 and 5?,SELECT T2.title FROM Rating AS T1 JOIN Movie AS T2 ON T1.mID = T2.mID WHERE T1.stars BETWEEN 3 AND 5,SELECT title FROM Movie WHERE mID IN (SELECT mID FROM Rating WHERE stars BETWEEN 3 AND 5),Silent failure,0,1,1,wrong_filter,1.0,0.9 to 1.0,10,6,272,0.000015,2420
318,V1,Llama 3.1 8B,zero-shot,moderate,2,movie_1,What is the id of the reviewer whose name has substring “Mike”?,"SELECT rID FROM Reviewer WHERE name LIKE ""%Mike%""",SELECT rID FROM Reviewer WHERE name LIKE '%Mike%',Correct,1,1,0,none,1.0,0.9 to 1.0,1,1,251,0.000013,2182
319,V2,Llama 3.1 8B,few-shot,moderate,2,movie_1,What are the titles of all movies that have rating star is between 3 and 5?,SELECT T2.title FROM Rating AS T1 JOIN Movie AS T2 ON T1.mID = T2.mID WHERE T1.stars BETWEEN 3 AND 5,SELECT T1.title FROM Movie AS T1 JOIN Rating AS T2 ON T1.mID = T2.mID WHERE T2.stars BETWEEN 3 AND 5,Correct,1,1,0,none,0.95,0.9 to 1.0,10,10,911,0.000047,9428
320,V2,Llama 3.1 8B,few-shot,moderate,2,movie_1,What is the id of the reviewer whose name has substring “Mike”?,"SELECT rID FROM Reviewer WHERE name LIKE ""%Mike%""",SELECT rID FROM Reviewer WHERE name LIKE '%Mike%',Correct,1,1,0,none,0.95,0.9 to 1.0,1,1,882,0.000045,9263
321,V3,Llama 3.1 70B,zero-shot,moderate,2,movie_1,What are the titles of all movies that have rating star is between 3 and 5?,SELECT T2.title FROM Rating AS T1 JOIN Movie AS T2 ON T1.mID = T2.mID WHERE T1.stars BETWEEN 3 AND 5,SELECT DISTINCT M.title FROM Movie M JOIN Rating R ON M.mID = R.mID WHERE R.stars BETWEEN 3 AND 5,Silent failure,0,1,1,wrong_filter,1.0,0.9 to 1.0,10,6,275,0.000171,1585
322,V3,Llama 3.1 70B,zero-shot,moderate,2,movie_1,What is the id of the reviewer whose name has substring “Mike”?,"SELECT rID FROM Reviewer WHERE name LIKE ""%Mike%""",SELECT rID FROM Reviewer WHERE name LIKE '%Mike%',Correct,1,1,0,none,1.0,0.9 to 1.0,1,1,253,0.000155,3121
323,V4,Llama 3.1 70B,few-shot,moderate,2,movie_1,What is the id of the reviewer whose name has substring “Mike”?,"SELECT rID FROM Reviewer WHERE name LIKE ""%Mike%""",SELECT rID FROM Reviewer WHERE name LIKE '%Mike%',Correct,1,1,0,none,0.95,0.9 to 1.0,1,1,882,0.000526,4409
324,V4,Llama 3.1 70B,few-shot,moderate,2,movie_1,What are the titles of all movies that have rating star is between 3 and 5?,SELECT T2.title FROM Rating AS T1 JOIN Movie AS T2 ON T1.mID = T2.mID WHERE T1.stars BETWEEN 3 AND 5,SELECT T1.title FROM Movie AS T1 JOIN Rating AS T2 ON T1.mID = T2.mID WHERE T2.stars BETWEEN 3 AND 5,Correct,1,1,0,none,0.9,0.9 to 1.0,10,10,911,0.000547,4358
325,V1,Llama 3.1 8B,zero-shot,moderate,2,party_people,Show all ministers and parties they belong to in descending order of the time they took office.,"SELECT minister , party_name FROM party ORDER BY took_office DESC","SELECT p.Minister, p.Party_name FROM party p ORDER BY p.Took_office DESC",Correct,1,1,0,none,1.0,0.9 to 1.0,5,5,405,0.000021,4374
326,V2,Llama 3.1 8B,few-shot,moderate,2,party_people,Show all ministers and parties they belong to in descending order of the time they took office.,"SELECT minister , party_name FROM party ORDER BY took_office DESC","SELECT T1.Minister, T2.Party_name FROM party AS T1 JOIN party AS T2 ON T1.Party_ID = T2.Party_ID ORDER BY T1.Took_office DESC",Correct,1,1,0,none,0.9,0.9 to 1.0,5,5,1057,0.000055,10555
327,V3,Llama 3.1 70B,zero-shot,moderate,2,party_people,Show all ministers and parties they belong to in descending order of the time they took office.,"SELECT minister , party_name FROM party ORDER BY took_office DESC","SELECT Minister, Party_name FROM party ORDER BY Took_office DESC",Correct,1,1,0,none,1.0,0.9 to 1.0,5,5,398,0.000241,2383
328,V4,Llama 3.1 70B,few-shot,moderate,2,party_people,Show all ministers and parties they belong to in descending order of the time they took office.,"SELECT minister , party_name FROM party ORDER BY took_office DESC","SELECT Minister, Party_name FROM party ORDER BY Took_office DESC",Correct,1,1,0,none,0.9,0.9 to 1.0,5,5,1028,0.000612,4474
329,V1,Llama 3.1 8B,zero-shot,moderate,2,poker_player,List the names and birth dates of people in ascending alphabetical order of name.,"SELECT Name , Birth_Date FROM people ORDER BY Name ASC","SELECT Name, Birth_Date FROM people ORDER BY Name ASC",Correct,1,1,0,none,1.0,0.9 to 1.0,7,7,270,0.000014,2196
330,V2,Llama 3.1 8B,few-shot,moderate,2,poker_player,List the names and birth dates of people in ascending alphabetical order of name.,"SELECT Name , Birth_Date FROM people ORDER BY Name ASC","SELECT name , Birth_Date FROM people ORDER BY name ASC",Correct,1,1,0,none,0.95,0.9 to 1.0,7,7,902,0.000046,8525
331,V3,Llama 3.1 70B,zero-shot,moderate,2,poker_player,List the names and birth dates of people in ascending alphabetical order of name.,"SELECT Name , Birth_Date FROM people ORDER BY Name ASC","SELECT Name, Birth_Date FROM people ORDER BY Name ASC",Correct,1,1,0,none,1.0,0.9 to 1.0,7,7,272,0.000166,2798
332,V4,Llama 3.1 70B,few-shot,moderate,2,poker_player,List the names and birth dates of people in ascending alphabetical order of name.,"SELECT Name , Birth_Date FROM people ORDER BY Name ASC","SELECT Name, Birth_Date FROM people ORDER BY Name ASC",Correct,1,1,0,none,1.0,0.9 to 1.0,7,7,902,0.000537,4359
333,V1,Llama 3.1 8B,zero-shot,moderate,2,program_share,What are the names of the channels owned by CCTV or HBS?,SELECT name FROM channel WHERE OWNER = 'CCTV' OR OWNER = 'HBS',"SELECT Name FROM channel WHERE Owner IN ('CCTV', 'HBS')",Correct,1,1,0,none,1.0,0.9 to 1.0,8,8,380,0.000020,4189
334,V2,Llama 3.1 8B,few-shot,moderate,2,program_share,What are the names of the channels owned by CCTV or HBS?,SELECT name FROM channel WHERE OWNER = 'CCTV' OR OWNER = 'HBS',SELECT name FROM channel WHERE owner = 'CCTV' OR owner = 'HBS',Correct,1,1,0,none,0.95,0.9 to 1.0,8,8,1015,0.000052,10358
335,V3,Llama 3.1 70B,zero-shot,moderate,2,program_share,What are the names of the channels owned by CCTV or HBS?,SELECT name FROM channel WHERE OWNER = 'CCTV' OR OWNER = 'HBS',"SELECT Name FROM channel WHERE Owner IN ('CCTV', 'HBS')",Correct,1,1,0,none,1.0,0.9 to 1.0,8,8,382,0.000232,2515
336,V4,Llama 3.1 70B,few-shot,moderate,2,program_share,What are the names of the channels owned by CCTV or HBS?,SELECT name FROM channel WHERE OWNER = 'CCTV' OR OWNER = 'HBS',SELECT Name FROM channel WHERE Owner = 'CCTV' OR Owner = 'HBS',Correct,1,1,0,none,0.95,0.9 to 1.0,8,8,1015,0.000605,4397
337,V1,Llama 3.1 8B,zero-shot,moderate,2,sakila_1,Which movies have 'Deleted Scenes' as a substring in the special feature?,SELECT title FROM film WHERE special_features LIKE '%Deleted Scenes%',SELECT title FROM film WHERE special_features LIKE '%Deleted Scenes%',Correct,1,1,0,none,1.0,0.9 to 1.0,503,503,1500,0.000076,15451
338,V2,Llama 3.1 8B,few-shot,moderate,2,sakila_1,Which movies have 'Deleted Scenes' as a substring in the special feature?,SELECT title FROM film WHERE special_features LIKE '%Deleted Scenes%',SELECT title FROM film WHERE special_features LIKE '%Deleted Scenes%',Correct,1,1,0,none,0.95,0.9 to 1.0,503,503,2129,0.000107,21406
339,V3,Llama 3.1 70B,zero-shot,moderate,2,sakila_1,Which movies have 'Deleted Scenes' as a substring in the special feature?,SELECT title FROM film WHERE special_features LIKE '%Deleted Scenes%',SELECT title FROM film WHERE special_features LIKE '%Deleted Scenes%',Correct,1,1,0,none,1.0,0.9 to 1.0,503,503,1500,0.000891,2612
340,V4,Llama 3.1 70B,few-shot,moderate,2,sakila_1,Which movies have 'Deleted Scenes' as a substring in the special feature?,SELECT title FROM film WHERE special_features LIKE '%Deleted Scenes%',SELECT title FROM film WHERE special_features LIKE '%Deleted Scenes%',Correct,1,1,0,none,0.9,0.9 to 1.0,503,503,2129,0.001261,10599
341,V1,Llama 3.1 8B,zero-shot,moderate,2,school_bus,How many drivers are from Hartford city or younger than 40?,SELECT count(*) FROM driver WHERE home_city = 'Hartford' OR age < 40,SELECT COUNT(Driver_ID) FROM driver WHERE Home_city = 'Hartford' OR Age < 40,Correct,1,1,0,none,1.0,0.9 to 1.0,1,1,321,0.000017,3406
342,V2,Llama 3.1 8B,few-shot,moderate,2,school_bus,How many drivers are from Hartford city or younger than 40?,SELECT count(*) FROM driver WHERE home_city = 'Hartford' OR age < 40,SELECT COUNT(DISTINCT Driver_ID) FROM driver WHERE Home_city = 'Hartford' OR Age < 40,Correct,1,1,0,none,0.95,0.9 to 1.0,1,1,953,0.000049,9931
343,V3,Llama 3.1 70B,zero-shot,moderate,2,school_bus,How many drivers are from Hartford city or younger than 40?,SELECT count(*) FROM driver WHERE home_city = 'Hartford' OR age < 40,SELECT COUNT(Driver_ID) FROM driver WHERE Home_city = 'Hartford' OR Age < 40,Correct,1,1,0,none,1.0,0.9 to 1.0,1,1,321,0.000197,1267
344,V4,Llama 3.1 70B,few-shot,moderate,2,school_bus,How many drivers are from Hartford city or younger than 40?,SELECT count(*) FROM driver WHERE home_city = 'Hartford' OR age < 40,SELECT COUNT(*) FROM driver WHERE Home_city = 'Hartford' OR Age < 40,Correct,1,1,0,none,0.9,0.9 to 1.0,1,1,948,0.000566,5445
345,V1,Llama 3.1 8B,zero-shot,moderate,2,ship_mission,Show the name of ships whose nationality is either United States or United Kingdom.,"SELECT Name FROM ship WHERE Nationality = ""United States"" OR Nationality = ""United Kingdom""","SELECT Name FROM ship WHERE Nationality IN ('United States', 'United Kingdom')",Correct,1,1,0,none,1.0,0.9 to 1.0,8,8,277,0.000015,3482
346,V2,Llama 3.1 8B,few-shot,moderate,2,ship_mission,Show the name of ships whose nationality is either United States or United Kingdom.,"SELECT Name FROM ship WHERE Nationality = ""United States"" OR Nationality = ""United Kingdom""","SELECT name FROM ship WHERE nationality IN ('United States', 'United Kingdom')",Correct,1,1,0,none,0.95,0.9 to 1.0,8,8,906,0.000046,9335
347,V3,Llama 3.1 70B,zero-shot,moderate,2,ship_mission,Show the name of ships whose nationality is either United States or United Kingdom.,"SELECT Name FROM ship WHERE Nationality = ""United States"" OR Nationality = ""United Kingdom""",SELECT Name FROM ship WHERE Nationality = 'United States' OR Nationality = 'United Kingdom',Correct,1,1,0,none,1.0,0.9 to 1.0,8,8,281,0.000173,2268
348,V4,Llama 3.1 70B,few-shot,moderate,2,ship_mission,Show the name of ships whose nationality is either United States or United Kingdom.,"SELECT Name FROM ship WHERE Nationality = ""United States"" OR Nationality = ""United Kingdom""",SELECT Name FROM ship WHERE Nationality = 'United States' OR Nationality = 'United Kingdom',Correct,1,1,0,none,0.95,0.9 to 1.0,8,8,911,0.000544,4496
349,V1,Llama 3.1 8B,zero-shot,moderate,2,student_1,Show each student's first name and last name.,"SELECT DISTINCT firstname , lastname FROM list","SELECT FirstName, LastName FROM list",Correct,1,1,0,none,1.0,0.9 to 1.0,60,60,232,0.000012,1254
350,V2,Llama 3.1 8B,few-shot,moderate,2,student_1,Show each student's first name and last name.,"SELECT DISTINCT firstname , lastname FROM list","SELECT FirstName, LastName FROM list",Correct,1,1,0,none,0.95,0.9 to 1.0,60,60,864,0.000044,8417
351,V3,Llama 3.1 70B,zero-shot,moderate,2,student_1,Show each student's first name and last name.,"SELECT DISTINCT firstname , lastname FROM list","SELECT FirstName, LastName FROM list",Correct,1,1,0,none,1.0,0.9 to 1.0,60,60,232,0.000141,2403
352,V4,Llama 3.1 70B,few-shot,moderate,2,student_1,Show each student's first name and last name.,"SELECT DISTINCT firstname , lastname FROM list","SELECT FirstName, LastName FROM list",Correct,1,1,0,none,1.0,0.9 to 1.0,60,60,864,0.000514,4223
353,V1,Llama 3.1 8B,zero-shot,moderate,2,student_assessment,what are the first name and last name of all candidates?,"SELECT T2.first_name , T2.last_name FROM candidates AS T1 JOIN people AS T2 ON T1.candidate_id = T2.person_id","SELECT p.first_name, p.last_name FROM Candidates c JOIN People p ON c.candidate_id = p.person_id",Correct,1,1,0,none,1.0,0.9 to 1.0,8,8,660,0.000034,6282
354,V2,Llama 3.1 8B,few-shot,moderate,2,student_assessment,what are the first name and last name of all candidates?,"SELECT T2.first_name , T2.last_name FROM candidates AS T1 JOIN people AS T2 ON T1.candidate_id = T2.person_id","SELECT T1.first_name, T1.last_name FROM People AS T1 JOIN Candidates AS T2 ON T1.person_id = T2.candidate_id",Correct,1,1,0,none,0.95,0.9 to 1.0,8,8,1291,0.000066,12404
355,V3,Llama 3.1 70B,zero-shot,moderate,2,student_assessment,what are the first name and last name of all candidates?,"SELECT T2.first_name , T2.last_name FROM candidates AS T1 JOIN people AS T2 ON T1.candidate_id = T2.person_id","SELECT P.first_name, P.last_name FROM People P JOIN Candidates C ON P.person_id = C.candidate_id",Correct,1,1,0,none,1.0,0.9 to 1.0,8,8,654,0.000394,2616
356,V4,Llama 3.1 70B,few-shot,moderate,2,student_assessment,what are the first name and last name of all candidates?,"SELECT T2.first_name , T2.last_name FROM candidates AS T1 JOIN people AS T2 ON T1.candidate_id = T2.person_id","SELECT T1.first_name, T1.last_name FROM People AS T1 JOIN Candidates AS T2 ON T1.person_id = T2.candidate_id",Correct,1,1,0,none,0.9,0.9 to 1.0,8,8,1291,0.000771,7440
357,V1,Llama 3.1 8B,zero-shot,moderate,2,tracking_grants_for_research,What is the type description of the organization whose detail is listed as 'quo'?,SELECT T1.organisation_type_description FROM organisation_Types AS T1 JOIN Organisations AS T2 ON T1.organisation_type = T2.organisation_type WHERE T2.organisation_details = 'quo',SELECT T2.organisation_type_description FROM Organisations AS T1 JOIN Organisation_Types AS T2 ON T1.organisation_type = T2.organisation_type WHERE T1.organisation_details = 'quo',Correct,1,1,0,none,1.0,0.9 to 1.0,1,1,906,0.000047,8456
358,V2,Llama 3.1 8B,few-shot,moderate,2,tracking_grants_for_research,What is the type description of the organization whose detail is listed as 'quo'?,SELECT T1.organisation_type_description FROM organisation_Types AS T1 JOIN Organisations AS T2 ON T1.organisation_type = T2.organisation_type WHERE T2.organisation_details = 'quo',SELECT T2.organisation_type_description FROM Organisations AS T1 JOIN Organisation_Types AS T2 ON T1.organisation_type = T2.organisation_type WHERE T1.organisation_details = 'quo',Correct,1,1,0,none,0.95,0.9 to 1.0,1,1,1535,0.000078,318
359,V3,Llama 3.1 70B,zero-shot,moderate,2,tracking_grants_for_research,What is the type description of the organization whose detail is listed as 'quo'?,SELECT T1.organisation_type_description FROM organisation_Types AS T1 JOIN Organisations AS T2 ON T1.organisation_type = T2.organisation_type WHERE T2.organisation_details = 'quo',SELECT T1.organisation_type_description FROM Organisation_Types AS T1 INNER JOIN Organisations AS T2 ON T1.organisation_type = T2.organisation_type WHERE T2.organisation_details = 'quo',Correct,1,1,0,none,1.0,0.9 to 1.0,1,1,908,0.000548,336
360,V4,Llama 3.1 70B,few-shot,moderate,2,tracking_grants_for_research,What is the type description of the organization whose detail is listed as 'quo'?,SELECT T1.organisation_type_description FROM organisation_Types AS T1 JOIN Organisations AS T2 ON T1.organisation_type = T2.organisation_type WHERE T2.organisation_details = 'quo',SELECT T1.organisation_type_description FROM Organisation_Types AS T1 JOIN Organisations AS T2 ON T1.organisation_type = T2.organisation_type WHERE T2.organisation_details = 'quo',Correct,1,1,0,none,0.9,0.9 to 1.0,1,1,1539,0.000920,614
361,V1,Llama 3.1 8B,zero-shot,moderate,2,tvshow,List each language and the number of TV Channels using it.,"SELECT LANGUAGE , count(*) FROM TV_Channel GROUP BY LANGUAGE","SELECT Language, COUNT(*) as Number_of_Channels FROM TV_Channel GROUP BY Language",Correct,1,1,0,none,1.0,0.9 to 1.0,2,2,381,0.000020,4294
362,V2,Llama 3.1 8B,few-shot,moderate,2,tvshow,List each language and the number of TV Channels using it.,"SELECT LANGUAGE , count(*) FROM TV_Channel GROUP BY LANGUAGE","SELECT T1.Language , COUNT(T1.id) FROM TV_Channel AS T1 GROUP BY T1.Language",Correct,1,1,0,none,0.95,0.9 to 1.0,2,2,1016,0.000052,5415
363,V3,Llama 3.1 70B,zero-shot,moderate,2,tvshow,List each language and the number of TV Channels using it.,"SELECT LANGUAGE , count(*) FROM TV_Channel GROUP BY LANGUAGE","SELECT Language, COUNT(id) FROM TV_Channel GROUP BY Language",Correct,1,1,0,none,1.0,0.9 to 1.0,2,2,377,0.000228,2498
364,V4,Llama 3.1 70B,few-shot,moderate,2,tvshow,List each language and the number of TV Channels using it.,"SELECT LANGUAGE , count(*) FROM TV_Channel GROUP BY LANGUAGE","SELECT Language, COUNT(id) FROM TV_Channel GROUP BY Language",Correct,1,1,0,none,0.95,0.9 to 1.0,2,2,1007,0.000600,4405
365,V1,Llama 3.1 8B,zero-shot,moderate,2,twitter_1,Find the name and partition id for users who tweeted less than twice.,"SELECT T1.name , T1.partitionid FROM user_profiles AS T1 JOIN tweets AS T2 ON T1.uid = T2.uid GROUP BY T2.uid HAVING count(*) < 2","SELECT up.name, up.partitionid FROM user_profiles up WHERE up.uid NOT IN ( SELECT t.uid FROM tweets t GROUP BY t.uid HAVING COUNT(t.id) >= 2 )",Silent failure,0,1,1,wrong_filter,0.9,0.9 to 1.0,2,4,399,0.000022,4403
366,V2,Llama 3.1 8B,few-shot,moderate,2,twitter_1,Find the name and partition id for users who tweeted less than twice.,"SELECT T1.name , T1.partitionid FROM user_profiles AS T1 JOIN tweets AS T2 ON T1.uid = T2.uid GROUP BY T2.uid HAVING count(*) < 2","SELECT T1.name , T1.partitionid FROM user_profiles AS T1 JOIN tweets AS T2 ON T1.uid = T2.uid GROUP BY T1.uid HAVING COUNT(T2.id) < 2",Correct,1,1,0,none,0.95,0.9 to 1.0,2,2,1028,0.000053,10535
367,V3,Llama 3.1 70B,zero-shot,moderate,2,twitter_1,Find the name and partition id for users who tweeted less than twice.,"SELECT T1.name , T1.partitionid FROM user_profiles AS T1 JOIN tweets AS T2 ON T1.uid = T2.uid GROUP BY T2.uid HAVING count(*) < 2","SELECT T1.name, T1.partitionid FROM user_profiles T1 JOIN ( SELECT uid, COUNT(id) as tweet_count FROM tweets GROUP BY uid HAVING COUNT(id) < 2 ) T2 ON T1.uid = T2.uid",Correct,1,1,0,none,1.0,0.9 to 1.0,2,2,413,0.000259,2517
368,V4,Llama 3.1 70B,few-shot,moderate,2,twitter_1,Find the name and partition id for users who tweeted less than twice.,"SELECT T1.name , T1.partitionid FROM user_profiles AS T1 JOIN tweets AS T2 ON T1.uid = T2.uid GROUP BY T2.uid HAVING count(*) < 2","SELECT T1.name, T1.partitionid FROM user_profiles AS T1 JOIN tweets AS T2 ON T1.uid = T2.uid GROUP BY T1.uid HAVING COUNT(T2.id) < 2",Correct,1,1,0,none,0.9,0.9 to 1.0,2,2,1028,0.000618,4942
369,V1,Llama 3.1 8B,zero-shot,moderate,2,university_basketball,Find the location and all games score of the school that has Clemson as its team name.,"SELECT t2.All_Games , t1.location FROM university AS t1 JOIN basketball_match AS t2 ON t1.school_id = t2.school_id WHERE team_name = 'Clemson'","SELECT T1.Location, T2.All_Games FROM university AS T1 JOIN basketball_match AS T2 ON T1.School_ID = T2.School_ID WHERE T2.Team_Name = 'Clemson'",Correct,1,1,0,none,1.0,0.9 to 1.0,1,1,368,0.000020,3327
370,V1,Llama 3.1 8B,zero-shot,moderate,2,university_basketball,Return the highest acc percent across all basketball matches.,SELECT acc_percent FROM basketball_match ORDER BY acc_percent DESC LIMIT 1,SELECT MAX(ACC_Percent) AS highest_acc_percent FROM basketball_match,Correct,1,1,0,none,1.0,0.9 to 1.0,1,1,329,0.000017,3260
371,V2,Llama 3.1 8B,few-shot,moderate,2,university_basketball,Return the highest acc percent across all basketball matches.,SELECT acc_percent FROM basketball_match ORDER BY acc_percent DESC LIMIT 1,SELECT MAX(ACC_Percent) FROM basketball_match,Correct,1,1,0,none,0.95,0.9 to 1.0,1,1,956,0.000049,10264
372,V2,Llama 3.1 8B,few-shot,moderate,2,university_basketball,Find the location and all games score of the school that has Clemson as its team name.,"SELECT t2.All_Games , t1.location FROM university AS t1 JOIN basketball_match AS t2 ON t1.school_id = t2.school_id WHERE team_name = 'Clemson'","SELECT T2.location , T1.all_games FROM basketball_match AS T1 JOIN university AS T2 ON T1.school_id = T2.school_id WHERE T1.team_name = 'Clemson'",Correct,1,1,0,none,0.95,0.9 to 1.0,1,1,994,0.000051,9574
373,V3,Llama 3.1 70B,zero-shot,moderate,2,university_basketball,Return the highest acc percent across all basketball matches.,SELECT acc_percent FROM basketball_match ORDER BY acc_percent DESC LIMIT 1,"SELECT MAX(CAST(REPLACE(ACC_Percent, '%', '') AS REAL)) FROM basketball_match",Silent failure,0,1,1,wrong_aggregation,1.0,0.9 to 1.0,1,1,335,0.000205,2616
374,V3,Llama 3.1 70B,zero-shot,moderate,2,university_basketball,Find the location and all games score of the school that has Clemson as its team name.,"SELECT t2.All_Games , t1.location FROM university AS t1 JOIN basketball_match AS t2 ON t1.school_id = t2.school_id WHERE team_name = 'Clemson'","SELECT u.Location, bm.All_Games FROM university u JOIN basketball_match bm ON u.School_ID = bm.School_ID WHERE bm.Team_Name = 'Clemson'",Correct,1,1,0,none,1.0,0.9 to 1.0,1,1,359,0.000222,2409
375,V4,Llama 3.1 70B,few-shot,moderate,2,university_basketball,Return the highest acc percent across all basketball matches.,SELECT acc_percent FROM basketball_match ORDER BY acc_percent DESC LIMIT 1,SELECT MAX(ALL_Games_Percent) FROM basketball_match,Silent failure,0,1,1,wrong_aggregation,0.95,0.9 to 1.0,1,1,958,0.000571,5923
376,V4,Llama 3.1 70B,few-shot,moderate,2,university_basketball,Find the location and all games score of the school that has Clemson as its team name.,"SELECT t2.All_Games , t1.location FROM university AS t1 JOIN basketball_match AS t2 ON t1.school_id = t2.school_id WHERE team_name = 'Clemson'","SELECT T1.Location, T2.All_Games FROM university AS T1 JOIN basketball_match AS T2 ON T1.School_ID = T2.School_ID WHERE T2.Team_Name = 'Clemson'",Correct,1,1,0,none,0.9,0.9 to 1.0,1,1,997,0.000600,5563
377,V1,Llama 3.1 8B,zero-shot,moderate,2,wedding,"Show the name, open date, and organizer for all churches.","SELECT name , open_date , organized_by FROM Church","SELECT Name, Open_Date, Organized_by FROM church",Correct,1,1,0,none,1.0,0.9 to 1.0,9,9,329,0.000017,3266
378,V2,Llama 3.1 8B,few-shot,moderate,2,wedding,"Show the name, open date, and organizer for all churches.","SELECT name , open_date , organized_by FROM Church","SELECT T1.Name, T1.Open_Date, T1.Organized_by FROM church AS T1",Correct,1,1,0,none,0.95,0.9 to 1.0,9,9,971,0.000050,10463
379,V3,Llama 3.1 70B,zero-shot,moderate,2,wedding,"Show the name, open date, and organizer for all churches.","SELECT name , open_date , organized_by FROM Church","SELECT Name, Open_Date, Organized_by FROM church",Correct,1,1,0,none,1.0,0.9 to 1.0,9,9,330,0.000200,1545
380,V4,Llama 3.1 70B,few-shot,moderate,2,wedding,"Show the name, open date, and organizer for all churches.","SELECT name , open_date , organized_by FROM Church","SELECT Name, Open_Date, Organized_by FROM church",Correct,1,1,0,none,1.0,0.9 to 1.0,9,9,961,0.000572,5275
381,V1,Llama 3.1 8B,zero-shot,moderate,2,workshop_paper,"Show the names of authors from college ""Florida"" or ""Temple""","SELECT Author FROM submission WHERE College = ""Florida"" OR College = ""Temple""","SELECT Author FROM submission WHERE College IN ('Florida', 'Temple')",Correct,1,1,0,none,1.0,0.9 to 1.0,2,2,303,0.000016,2183
382,V2,Llama 3.1 8B,few-shot,moderate,2,workshop_paper,"Show the names of authors from college ""Florida"" or ""Temple""","SELECT Author FROM submission WHERE College = ""Florida"" OR College = ""Temple""","SELECT Author FROM submission WHERE College IN ('Florida', 'Temple')",Correct,1,1,0,none,0.95,0.9 to 1.0,2,2,933,0.000047,7483
383,V3,Llama 3.1 70B,zero-shot,moderate,2,workshop_paper,"Show the names of authors from college ""Florida"" or ""Temple""","SELECT Author FROM submission WHERE College = ""Florida"" OR College = ""Temple""",SELECT Author FROM submission WHERE College = 'Florida' OR College = 'Temple',Correct,1,1,0,none,1.0,0.9 to 1.0,2,2,306,0.000187,2566
384,V4,Llama 3.1 70B,few-shot,moderate,2,workshop_paper,"Show the names of authors from college ""Florida"" or ""Temple""","SELECT Author FROM submission WHERE College = ""Florida"" OR College = ""Temple""",SELECT Author FROM submission WHERE College = 'Florida' OR College = 'Temple',Correct,1,1,0,none,0.95,0.9 to 1.0,2,2,936,0.000558,2000
385,V1,Llama 3.1 8B,zero-shot,moderate,2,world_1,What region is Kabul in?,"SELECT Region FROM country AS T1 JOIN city AS T2 ON T1.Code = T2.CountryCode WHERE T2.Name = ""Kabul""",SELECT Region FROM country WHERE Name = 'Afghanistan',Correct,1,1,0,none,1.0,0.9 to 1.0,1,1,568,0.000029,5242
386,V1,Llama 3.1 8B,zero-shot,moderate,2,world_1,What are the codes of countries where Spanish is spoken by the largest percentage of people?,"SELECT CountryCode , max(Percentage) FROM countrylanguage WHERE LANGUAGE = ""Spanish"" GROUP BY CountryCode",SELECT T1.Code FROM country AS T1 JOIN countrylanguage AS T2 ON T1.Code = T2.CountryCode WHERE T2.Language = 'Spanish' ORDER BY T2.Percentage DESC LIMIT 1,Silent failure,0,1,1,wrong_join,1.0,0.9 to 1.0,28,1,613,0.000033,6372
387,V1,Llama 3.1 8B,zero-shot,moderate,2,world_1,"What are the name, independence year, and surface area of the country with the smallest population?","SELECT Name , SurfaceArea , IndepYear FROM country ORDER BY Population LIMIT 1","SELECT c.Name, c.IndepYear, c.SurfaceArea FROM country c ORDER BY c.Population ASC LIMIT 1",Correct,1,1,0,none,1.0,0.9 to 1.0,1,1,596,0.000031,6299
388,V2,Llama 3.1 8B,few-shot,moderate,2,world_1,What region is Kabul in?,"SELECT Region FROM country AS T1 JOIN city AS T2 ON T1.Code = T2.CountryCode WHERE T2.Name = ""Kabul""",SELECT T1.region FROM country AS T1 JOIN city AS T2 ON T1.code = T2.countrycode WHERE T2.name = 'Kabul',Correct,1,1,0,none,0.95,0.9 to 1.0,1,1,1219,0.000062,11335
389,V2,Llama 3.1 8B,few-shot,moderate,2,world_1,"What are the name, independence year, and surface area of the country with the smallest population?","SELECT Name , SurfaceArea , IndepYear FROM country ORDER BY Population LIMIT 1","SELECT Name , IndepYear , SurfaceArea FROM country ORDER BY Population ASC LIMIT 1",Correct,1,1,0,none,0.95,0.9 to 1.0,1,1,1218,0.000062,12635
390,V2,Llama 3.1 8B,few-shot,moderate,2,world_1,What are the codes of countries where Spanish is spoken by the largest percentage of people?,"SELECT CountryCode , max(Percentage) FROM countrylanguage WHERE LANGUAGE = ""Spanish"" GROUP BY CountryCode",SELECT CountryCode FROM countrylanguage WHERE Language = 'Spanish' ORDER BY Percentage DESC LIMIT 1,Silent failure,0,1,1,wrong_aggregation,0.95,0.9 to 1.0,28,1,1217,0.000062,12356
391,V3,Llama 3.1 70B,zero-shot,moderate,2,world_1,What are the codes of countries where Spanish is spoken by the largest percentage of people?,"SELECT CountryCode , max(Percentage) FROM countrylanguage WHERE LANGUAGE = ""Spanish"" GROUP BY CountryCode",SELECT CountryCode FROM countrylanguage WHERE Language = 'Spanish' AND Percentage = (SELECT MAX(Percentage) FROM countrylanguage WHERE Language = 'Spanish'),Silent failure,0,1,1,wrong_join,1.0,0.9 to 1.0,28,2,602,0.000365,2506
392,V3,Llama 3.1 70B,zero-shot,moderate,2,world_1,What region is Kabul in?,"SELECT Region FROM country AS T1 JOIN city AS T2 ON T1.Code = T2.CountryCode WHERE T2.Name = ""Kabul""",SELECT T1.Region FROM country AS T1 INNER JOIN city AS T2 ON T1.Code = T2.CountryCode WHERE T2.Name = 'Kabul',Correct,1,1,0,none,1.0,0.9 to 1.0,1,1,592,0.000360,2567
393,V3,Llama 3.1 70B,zero-shot,moderate,2,world_1,"What are the name, independence year, and surface area of the country with the smallest population?","SELECT Name , SurfaceArea , IndepYear FROM country ORDER BY Population LIMIT 1","SELECT Name, IndepYear, SurfaceArea FROM country ORDER BY Population LIMIT 1",Correct,1,1,0,none,1.0,0.9 to 1.0,1,1,588,0.000354,2291
394,V4,Llama 3.1 70B,few-shot,moderate,2,world_1,"What are the name, independence year, and surface area of the country with the smallest population?","SELECT Name , SurfaceArea , IndepYear FROM country ORDER BY Population LIMIT 1","SELECT Name, IndepYear, SurfaceArea FROM country ORDER BY Population ASC LIMIT 1",Correct,1,1,0,none,0.9,0.9 to 1.0,1,1,1218,0.000725,5671
395,V4,Llama 3.1 70B,few-shot,moderate,2,world_1,What region is Kabul in?,"SELECT Region FROM country AS T1 JOIN city AS T2 ON T1.Code = T2.CountryCode WHERE T2.Name = ""Kabul""",SELECT T1.Region FROM country AS T1 JOIN city AS T2 ON T1.Code = T2.CountryCode WHERE T2.Name = 'Kabul',Correct,1,1,0,none,0.9,0.9 to 1.0,1,1,1219,0.000729,6432
396,V4,Llama 3.1 70B,few-shot,moderate,2,world_1,What are the codes of countries where Spanish is spoken by the largest percentage of people?,"SELECT CountryCode , max(Percentage) FROM countrylanguage WHERE LANGUAGE = ""Spanish"" GROUP BY CountryCode",SELECT CountryCode FROM countrylanguage WHERE Language = 'Spanish' AND Percentage = (SELECT MAX(Percentage) FROM countrylanguage WHERE Language = 'Spanish'),Silent failure,0,1,1,wrong_join,0.9,0.9 to 1.0,28,2,1227,0.000733,6711
397,V1,Llama 3.1 8B,zero-shot,moderate,2,wta_1,How many players are from each country?,"SELECT count(*) , country_code FROM players GROUP BY country_code","SELECT country_code, COUNT(player_id) as num_players FROM players GROUP BY country_code",Correct,1,1,0,none,1.0,0.9 to 1.0,153,153,511,0.000027,5357
398,V2,Llama 3.1 8B,few-shot,moderate,2,wta_1,How many players are from each country?,"SELECT count(*) , country_code FROM players GROUP BY country_code","SELECT country_code , COUNT(player_id) FROM players GROUP BY country_code",Correct,1,1,0,none,0.95,0.9 to 1.0,153,153,1130,0.000057,11605
399,V3,Llama 3.1 70B,zero-shot,moderate,2,wta_1,How many players are from each country?,"SELECT count(*) , country_code FROM players GROUP BY country_code","SELECT country_code, COUNT(player_id) FROM players GROUP BY country_code",Correct,1,1,0,none,1.0,0.9 to 1.0,153,153,500,0.000301,2435
400,V4,Llama 3.1 70B,few-shot,moderate,2,wta_1,How many players are from each country?,"SELECT count(*) , country_code FROM players GROUP BY country_code","SELECT country_code, COUNT(player_id) FROM players GROUP BY country_code",Correct,1,1,0,none,0.95,0.9 to 1.0,153,153,1130,0.000673,5476
401,V1,Llama 3.1 8B,zero-shot,simple,1,allergy_1,What are the student ids for students over 20 years old?,SELECT StuID FROM Student WHERE age > 20,SELECT StuID FROM Student WHERE Age > 20,Correct,1,1,0,none,1.0,0.9 to 1.0,7,7,299,0.000016,3410
402,V1,Llama 3.1 8B,zero-shot,simple,1,allergy_1,How many students are age 18?,SELECT count(*) FROM Student WHERE age = 18,SELECT COUNT(*) FROM Student WHERE Age = 18,Correct,1,1,0,none,1.0,0.9 to 1.0,1,1,293,0.000015,184
403,V1,Llama 3.1 8B,zero-shot,simple,1,allergy_1,Show all student IDs who have at least two allergies.,SELECT StuID FROM Has_allergy GROUP BY StuID HAVING count(*) >= 2,SELECT StuID FROM Has_Allergy GROUP BY StuID HAVING COUNT(Allergy) >= 2,Correct,1,1,0,none,1.0,0.9 to 1.0,12,12,310,0.000017,3222
404,V2,Llama 3.1 8B,few-shot,simple,1,allergy_1,What are the student ids for students over 20 years old?,SELECT StuID FROM Student WHERE age > 20,SELECT StuID FROM Student WHERE Age > 20,Correct,1,1,0,none,0.95,0.9 to 1.0,7,7,929,0.000047,9560
405,V2,Llama 3.1 8B,few-shot,simple,1,allergy_1,How many students are age 18?,SELECT count(*) FROM Student WHERE age = 18,SELECT COUNT(*) FROM Student WHERE Age = 18,Correct,1,1,0,none,0.95,0.9 to 1.0,1,1,923,0.000047,9877
406,V2,Llama 3.1 8B,few-shot,simple,1,allergy_1,Show all student IDs who have at least two allergies.,SELECT StuID FROM Has_allergy GROUP BY StuID HAVING count(*) >= 2,SELECT DISTINCT T1.StuID FROM Student AS T1 JOIN Has_Allergy AS T2 ON T1.StuID = T2.StuID GROUP BY T1.StuID HAVING COUNT(T2.Allergy) >= 2,Correct,1,1,0,none,0.95,0.9 to 1.0,12,12,965,0.000050,9674
407,V3,Llama 3.1 70B,zero-shot,simple,1,allergy_1,What are the student ids for students over 20 years old?,SELECT StuID FROM Student WHERE age > 20,SELECT StuID FROM Student WHERE Age > 20,Correct,1,1,0,none,1.0,0.9 to 1.0,7,7,299,0.000182,1501
408,V3,Llama 3.1 70B,zero-shot,simple,1,allergy_1,How many students are age 18?,SELECT count(*) FROM Student WHERE age = 18,SELECT COUNT(StuID) FROM Student WHERE Age = 18,Correct,1,1,0,none,1.0,0.9 to 1.0,1,1,297,0.000181,311
409,V3,Llama 3.1 70B,zero-shot,simple,1,allergy_1,Show all student IDs who have at least two allergies.,SELECT StuID FROM Has_allergy GROUP BY StuID HAVING count(*) >= 2,SELECT StuID FROM Has_Allergy GROUP BY StuID HAVING COUNT(Allergy) >= 2,Correct,1,1,0,none,1.0,0.9 to 1.0,12,12,310,0.000191,613
410,V4,Llama 3.1 70B,few-shot,simple,1,allergy_1,Show all student IDs who have at least two allergies.,SELECT StuID FROM Has_allergy GROUP BY StuID HAVING count(*) >= 2,SELECT StuID FROM Has_Allergy GROUP BY StuID HAVING COUNT(Allergy) >= 2,Correct,1,1,0,none,0.95,0.9 to 1.0,12,12,939,0.000562,24644
411,V4,Llama 3.1 70B,few-shot,simple,1,allergy_1,What are the student ids for students over 20 years old?,SELECT StuID FROM Student WHERE age > 20,SELECT StuID FROM Student WHERE Age > 20,Correct,1,1,0,none,1.0,0.9 to 1.0,7,7,929,0.000553,7584
412,V4,Llama 3.1 70B,few-shot,simple,1,allergy_1,How many students are age 18?,SELECT count(*) FROM Student WHERE age = 18,SELECT COUNT(StuID) FROM Student WHERE Age = 18,Correct,1,1,0,none,1.0,0.9 to 1.0,1,1,927,0.000553,4496
413,V1,Llama 3.1 8B,zero-shot,simple,1,apartment_rentals,Count the total number of apartment bookings.,SELECT count(*) FROM Apartment_Bookings,SELECT COUNT(apt_booking_id) AS total_bookings FROM Apartment_Bookings,Correct,1,1,0,none,1.0,0.9 to 1.0,1,1,540,0.000028,5210
414,V2,Llama 3.1 8B,few-shot,simple,1,apartment_rentals,Count the total number of apartment bookings.,SELECT count(*) FROM Apartment_Bookings,SELECT COUNT(apt_booking_id) FROM Apartment_Bookings,Correct,1,1,0,none,0.95,0.9 to 1.0,1,1,1167,0.000059,11632
415,V3,Llama 3.1 70B,zero-shot,simple,1,apartment_rentals,Count the total number of apartment bookings.,SELECT count(*) FROM Apartment_Bookings,SELECT COUNT(apt_booking_id) FROM Apartment_Bookings,Correct,1,1,0,none,1.0,0.9 to 1.0,1,1,536,0.000322,3380
416,V4,Llama 3.1 70B,few-shot,simple,1,apartment_rentals,Count the total number of apartment bookings.,SELECT count(*) FROM Apartment_Bookings,SELECT COUNT(apt_booking_id) FROM Apartment_Bookings,Correct,1,1,0,none,1.0,0.9 to 1.0,1,1,1167,0.000694,5411
417,V1,Llama 3.1 8B,zero-shot,simple,1,behavior_monitoring,"What is the incident type description for the incident type with code ""VIOLENCE""?","SELECT incident_type_description FROM Ref_Incident_Type WHERE incident_type_code = ""VIOLENCE""",SELECT incident_type_description FROM Ref_Incident_Type WHERE incident_type_code = 'VIOLENCE',Correct,1,1,0,none,1.0,0.9 to 1.0,1,1,1072,0.000055,11442
418,V2,Llama 3.1 8B,few-shot,simple,1,behavior_monitoring,"What is the incident type description for the incident type with code ""VIOLENCE""?","SELECT incident_type_description FROM Ref_Incident_Type WHERE incident_type_code = ""VIOLENCE""",SELECT incident_type_description FROM Ref_Incident_Type WHERE incident_type_code = 'VIOLENCE',Correct,1,1,0,none,0.95,0.9 to 1.0,1,1,1702,0.000086,17525
419,V3,Llama 3.1 70B,zero-shot,simple,1,behavior_monitoring,"What is the incident type description for the incident type with code ""VIOLENCE""?","SELECT incident_type_description FROM Ref_Incident_Type WHERE incident_type_code = ""VIOLENCE""",SELECT incident_type_description FROM Ref_Incident_Type WHERE incident_type_code = 'VIOLENCE',Correct,1,1,0,none,1.0,0.9 to 1.0,1,1,1072,0.000640,5544
420,V4,Llama 3.1 70B,few-shot,simple,1,behavior_monitoring,"What is the incident type description for the incident type with code ""VIOLENCE""?","SELECT incident_type_description FROM Ref_Incident_Type WHERE incident_type_code = ""VIOLENCE""",SELECT incident_type_description FROM Ref_Incident_Type WHERE incident_type_code = 'VIOLENCE',Correct,1,1,0,none,1.0,0.9 to 1.0,1,1,1702,0.001011,7499
421,V1,Llama 3.1 8B,zero-shot,simple,1,car_1,how many cars were produced in 1980?,SELECT count(*) FROM CARS_DATA WHERE YEAR = 1980;,SELECT COUNT(*) FROM cars_data WHERE Year = 1980,Correct,1,1,0,none,1.0,0.9 to 1.0,1,1,458,0.000024,461
422,V2,Llama 3.1 8B,few-shot,simple,1,car_1,how many cars were produced in 1980?,SELECT count(*) FROM CARS_DATA WHERE YEAR = 1980;,SELECT COUNT(*) FROM cars_data WHERE YEAR = 1980,Correct,1,1,0,none,0.95,0.9 to 1.0,1,1,1088,0.000055,10378
423,V3,Llama 3.1 70B,zero-shot,simple,1,car_1,how many cars were produced in 1980?,SELECT count(*) FROM CARS_DATA WHERE YEAR = 1980;,SELECT COUNT(*) FROM cars_data WHERE Year = 1980,Correct,1,1,0,none,0.8,0.7 to 0.9,1,1,458,0.000276,434
424,V4,Llama 3.1 70B,few-shot,simple,1,car_1,how many cars were produced in 1980?,SELECT count(*) FROM CARS_DATA WHERE YEAR = 1980;,SELECT COUNT(*) FROM cars_data WHERE Year = 1980,Correct,1,1,0,none,0.95,0.9 to 1.0,1,1,1088,0.000647,5467
425,V1,Llama 3.1 8B,zero-shot,simple,1,climbing,Return the countries of the mountains that have a height larger than 5000.,SELECT Country FROM mountain WHERE Height > 5000,SELECT T2.Country FROM mountain AS T1 JOIN climber AS T2 ON T1.Mountain_ID = T2.Mountain_ID WHERE T1.Height > 5000,Silent failure,0,1,1,wrong_join,1.0,0.9 to 1.0,4,6,300,0.000017,3427
426,V2,Llama 3.1 8B,few-shot,simple,1,climbing,Return the countries of the mountains that have a height larger than 5000.,SELECT Country FROM mountain WHERE Height > 5000,SELECT T2.Country FROM mountain AS T1 JOIN climber AS T2 ON T1.Mountain_ID = T2.Mountain_ID WHERE T1.Height > 5000,Silent failure,0,1,1,wrong_join,0.9,0.9 to 1.0,4,6,929,0.000048,9490
427,V3,Llama 3.1 70B,zero-shot,simple,1,climbing,Return the countries of the mountains that have a height larger than 5000.,SELECT Country FROM mountain WHERE Height > 5000,SELECT Country FROM mountain WHERE Height > 5000,Correct,1,1,0,none,1.0,0.9 to 1.0,4,4,274,0.000167,1599
428,V4,Llama 3.1 70B,few-shot,simple,1,climbing,Return the countries of the mountains that have a height larger than 5000.,SELECT Country FROM mountain WHERE Height > 5000,SELECT Country FROM mountain WHERE Height > 5000,Correct,1,1,0,none,1.0,0.9 to 1.0,4,4,904,0.000538,199
429,V1,Llama 3.1 8B,zero-shot,simple,1,club_1,"Where is the club ""Hopkins Student Enterprises"" located?","SELECT clublocation FROM club WHERE clubname = ""Hopkins Student Enterprises""",SELECT ClubLocation FROM Club WHERE ClubName = 'Hopkins Student Enterprises',Correct,1,1,0,none,1.0,0.9 to 1.0,1,1,313,0.000017,125
430,V2,Llama 3.1 8B,few-shot,simple,1,club_1,"Where is the club ""Hopkins Student Enterprises"" located?","SELECT clublocation FROM club WHERE clubname = ""Hopkins Student Enterprises""",SELECT ClubLocation FROM Club WHERE ClubName = 'Hopkins Student Enterprises',Correct,1,1,0,none,0.95,0.9 to 1.0,1,1,945,0.000048,9317
431,V3,Llama 3.1 70B,zero-shot,simple,1,club_1,"Where is the club ""Hopkins Student Enterprises"" located?","SELECT clublocation FROM club WHERE clubname = ""Hopkins Student Enterprises""",SELECT ClubLocation FROM Club WHERE ClubName = 'Hopkins Student Enterprises',Correct,1,1,0,none,1.0,0.9 to 1.0,1,1,315,0.000192,184
432,V4,Llama 3.1 70B,few-shot,simple,1,club_1,"Where is the club ""Hopkins Student Enterprises"" located?","SELECT clublocation FROM club WHERE clubname = ""Hopkins Student Enterprises""",SELECT ClubLocation FROM Club WHERE ClubName = 'Hopkins Student Enterprises',Correct,1,1,0,none,1.0,0.9 to 1.0,1,1,945,0.000563,3675
433,V1,Llama 3.1 8B,zero-shot,simple,1,college_2,How many rooms does the Lamberton building have?,SELECT count(*) FROM classroom WHERE building = 'Lamberton',SELECT COUNT(*) FROM classroom WHERE building = 'Lamberton',Correct,1,1,0,none,1.0,0.9 to 1.0,1,1,1165,0.000059,473
434,V2,Llama 3.1 8B,few-shot,simple,1,college_2,How many rooms does the Lamberton building have?,SELECT count(*) FROM classroom WHERE building = 'Lamberton',SELECT count(*) FROM classroom WHERE building = 'Lamberton',Correct,1,1,0,none,0.95,0.9 to 1.0,1,1,1795,0.000091,18640
435,V3,Llama 3.1 70B,zero-shot,simple,1,college_2,How many rooms does the Lamberton building have?,SELECT count(*) FROM classroom WHERE building = 'Lamberton',SELECT COUNT(room_number) FROM classroom WHERE building = 'Lamberton',Correct,1,1,0,none,1.0,0.9 to 1.0,1,1,1167,0.000695,240
436,V4,Llama 3.1 70B,few-shot,simple,1,college_2,How many rooms does the Lamberton building have?,SELECT count(*) FROM classroom WHERE building = 'Lamberton',SELECT COUNT(room_number) FROM classroom WHERE building = 'Lamberton',Correct,1,1,0,none,0.9,0.9 to 1.0,1,1,1797,0.001066,9668
437,V1,Llama 3.1 8B,zero-shot,simple,1,company_office,How many different industries are the companies in?,SELECT count(DISTINCT Industry) FROM Companies,SELECT COUNT(DISTINCT Industry) FROM Companies,Correct,1,1,0,none,1.0,0.9 to 1.0,1,1,319,0.000017,454
438,V2,Llama 3.1 8B,few-shot,simple,1,company_office,How many different industries are the companies in?,SELECT count(DISTINCT Industry) FROM Companies,SELECT COUNT(DISTINCT Industry) FROM Companies,Correct,1,1,0,none,0.95,0.9 to 1.0,1,1,951,0.000048,8452
439,V3,Llama 3.1 70B,zero-shot,simple,1,company_office,How many different industries are the companies in?,SELECT count(DISTINCT Industry) FROM Companies,SELECT COUNT(DISTINCT Industry) FROM Companies,Correct,1,1,0,none,1.0,0.9 to 1.0,1,1,320,0.000194,486
440,V4,Llama 3.1 70B,few-shot,simple,1,company_office,How many different industries are the companies in?,SELECT count(DISTINCT Industry) FROM Companies,SELECT COUNT(DISTINCT Industry) FROM Companies,Correct,1,1,0,none,1.0,0.9 to 1.0,1,1,951,0.000566,3898
441,V1,Llama 3.1 8B,zero-shot,simple,1,cre_Doc_Template_Mgt,How many templates have template type code CV?,"SELECT count(*) FROM Templates WHERE template_type_code = ""CV""",SELECT COUNT(Template_ID) FROM Templates WHERE Template_Type_Code = 'CV',Correct,1,1,0,none,1.0,0.9 to 1.0,1,1,369,0.000019,3216
442,V2,Llama 3.1 8B,few-shot,simple,1,cre_Doc_Template_Mgt,How many templates have template type code CV?,"SELECT count(*) FROM Templates WHERE template_type_code = ""CV""",SELECT COUNT(T1.Template_ID) FROM Templates AS T1 JOIN Ref_Template_Types AS T2 ON T1.Template_Type_Code = T2.Template_Type_Code WHERE T2.Template_Type_Code = 'CV',Correct,1,1,0,none,0.95,0.9 to 1.0,1,1,1025,0.000053,10493
443,V3,Llama 3.1 70B,zero-shot,simple,1,cre_Doc_Template_Mgt,How many templates have template type code CV?,"SELECT count(*) FROM Templates WHERE template_type_code = ""CV""",SELECT COUNT(Template_ID) FROM Templates WHERE Template_Type_Code = 'CV',Correct,1,1,0,none,1.0,0.9 to 1.0,1,1,369,0.000224,1699
444,V4,Llama 3.1 70B,few-shot,simple,1,cre_Doc_Template_Mgt,How many templates have template type code CV?,"SELECT count(*) FROM Templates WHERE template_type_code = ""CV""",SELECT COUNT(Template_ID) FROM Templates WHERE Template_Type_Code = 'CV',Correct,1,1,0,none,0.95,0.9 to 1.0,1,1,999,0.000595,384
445,V1,Llama 3.1 8B,zero-shot,simple,1,culture_company,Count the number of book clubs.,SELECT count(*) FROM book_club,SELECT COUNT(*) FROM book_club,Correct,1,1,0,none,1.0,0.9 to 1.0,1,1,348,0.000018,3160
446,V2,Llama 3.1 8B,few-shot,simple,1,culture_company,Count the number of book clubs.,SELECT count(*) FROM book_club,SELECT COUNT(*) FROM book_club,Correct,1,1,0,none,0.95,0.9 to 1.0,1,1,980,0.000050,9547
447,V3,Llama 3.1 70B,zero-shot,simple,1,culture_company,Count the number of book clubs.,SELECT count(*) FROM book_club,SELECT COUNT(book_club_id) FROM book_club,Correct,1,1,0,none,1.0,0.9 to 1.0,1,1,352,0.000213,2316
448,V4,Llama 3.1 70B,few-shot,simple,1,culture_company,Count the number of book clubs.,SELECT count(*) FROM book_club,SELECT COUNT(*) FROM book_club,Correct,1,1,0,none,1.0,0.9 to 1.0,1,1,980,0.000583,5450
449,V1,Llama 3.1 8B,zero-shot,simple,1,device,What is the average quantity of stocks?,SELECT avg(Quantity) FROM stock,SELECT AVG(Quantity) FROM stock,Correct,1,1,0,none,1.0,0.9 to 1.0,1,1,301,0.000016,192
450,V2,Llama 3.1 8B,few-shot,simple,1,device,What is the average quantity of stocks?,SELECT avg(Quantity) FROM stock,SELECT AVG(Quantity) FROM stock,Correct,1,1,0,none,0.95,0.9 to 1.0,1,1,933,0.000047,14281
451,V3,Llama 3.1 70B,zero-shot,simple,1,device,What is the average quantity of stocks?,SELECT avg(Quantity) FROM stock,SELECT AVG(Quantity) FROM stock,Correct,1,1,0,none,1.0,0.9 to 1.0,1,1,301,0.000182,257
452,V4,Llama 3.1 70B,few-shot,simple,1,device,What is the average quantity of stocks?,SELECT avg(Quantity) FROM stock,SELECT AVG(Quantity) FROM stock,Correct,1,1,0,none,1.0,0.9 to 1.0,1,1,933,0.000555,4386
453,V1,Llama 3.1 8B,zero-shot,simple,1,dorm_1,Find the number of distinct amenities.,SELECT count(*) FROM dorm_amenity,SELECT COUNT(DISTINCT amenid) FROM Has_amenity,Correct,1,1,0,none,1.0,0.9 to 1.0,1,1,386,0.000020,4218
454,V2,Llama 3.1 8B,few-shot,simple,1,dorm_1,Find the number of distinct amenities.,SELECT count(*) FROM dorm_amenity,SELECT COUNT(DISTINCT amenid) FROM Has_amenity,Correct,1,1,0,none,0.95,0.9 to 1.0,1,1,1018,0.000052,9667
455,V3,Llama 3.1 70B,zero-shot,simple,1,dorm_1,Find the number of distinct amenities.,SELECT count(*) FROM dorm_amenity,SELECT COUNT(DISTINCT amenid) FROM Dorm_amenity,Correct,1,1,0,none,1.0,0.9 to 1.0,1,1,387,0.000234,630
456,V4,Llama 3.1 70B,few-shot,simple,1,dorm_1,Find the number of distinct amenities.,SELECT count(*) FROM dorm_amenity,SELECT COUNT(DISTINCT amenity_name) FROM Dorm_amenity,Correct,1,1,0,none,1.0,0.9 to 1.0,1,1,1019,0.000607,4526
457,V1,Llama 3.1 8B,zero-shot,simple,1,employee_hire_evaluation,Count the number of distinct store locations.,SELECT count(DISTINCT LOCATION) FROM shop,SELECT COUNT(DISTINCT Location) FROM shop,Correct,1,1,0,none,1.0,0.9 to 1.0,1,1,349,0.000018,151
458,V2,Llama 3.1 8B,few-shot,simple,1,employee_hire_evaluation,Count the number of distinct store locations.,SELECT count(DISTINCT LOCATION) FROM shop,SELECT COUNT(DISTINCT location) FROM shop,Correct,1,1,0,none,0.95,0.9 to 1.0,1,1,981,0.000050,9247
459,V3,Llama 3.1 70B,zero-shot,simple,1,employee_hire_evaluation,Count the number of distinct store locations.,SELECT count(DISTINCT LOCATION) FROM shop,SELECT COUNT(DISTINCT Location) FROM shop,Correct,1,1,0,none,1.0,0.9 to 1.0,1,1,349,0.000211,221
460,V4,Llama 3.1 70B,few-shot,simple,1,employee_hire_evaluation,Count the number of distinct store locations.,SELECT count(DISTINCT LOCATION) FROM shop,SELECT COUNT(DISTINCT Location) FROM shop,Correct,1,1,0,none,1.0,0.9 to 1.0,1,1,981,0.000584,5732
461,V1,Llama 3.1 8B,zero-shot,simple,1,entertainment_awards,What are the names of festivals held in year 2007?,SELECT Festival_Name FROM festival_detail WHERE YEAR = 2007,SELECT Festival_Name FROM festival_detail WHERE Year = 2007,Correct,1,1,0,none,1.0,0.9 to 1.0,2,2,311,0.000016,3236
462,V1,Llama 3.1 8B,zero-shot,simple,1,entertainment_awards,List the year in which there are more than one festivals.,SELECT YEAR FROM festival_detail GROUP BY YEAR HAVING COUNT(*) > 1,SELECT Year FROM festival_detail GROUP BY Year HAVING COUNT(Festival_ID) > 1,Correct,1,1,0,none,1.0,0.9 to 1.0,1,1,319,0.000017,3197
463,V2,Llama 3.1 8B,few-shot,simple,1,entertainment_awards,List the year in which there are more than one festivals.,SELECT YEAR FROM festival_detail GROUP BY YEAR HAVING COUNT(*) > 1,SELECT Year FROM festival_detail GROUP BY Year HAVING COUNT(Festival_ID) > 1,Correct,1,1,0,none,0.9,0.9 to 1.0,1,1,948,0.000048,9963
464,V2,Llama 3.1 8B,few-shot,simple,1,entertainment_awards,What are the names of festivals held in year 2007?,SELECT Festival_Name FROM festival_detail WHERE YEAR = 2007,SELECT Festival_Name FROM festival_detail WHERE Year = 2007,Correct,1,1,0,none,0.95,0.9 to 1.0,2,2,943,0.000048,9469
465,V3,Llama 3.1 70B,zero-shot,simple,1,entertainment_awards,List the year in which there are more than one festivals.,SELECT YEAR FROM festival_detail GROUP BY YEAR HAVING COUNT(*) > 1,SELECT Year FROM festival_detail GROUP BY Year HAVING COUNT(Festival_ID) > 1,Correct,1,1,0,none,1.0,0.9 to 1.0,1,1,319,0.000195,422
466,V3,Llama 3.1 70B,zero-shot,simple,1,entertainment_awards,What are the names of festivals held in year 2007?,SELECT Festival_Name FROM festival_detail WHERE YEAR = 2007,SELECT Festival_Name FROM festival_detail WHERE Year = 2007,Correct,1,1,0,none,1.0,0.9 to 1.0,2,2,311,0.000189,366
467,V4,Llama 3.1 70B,few-shot,simple,1,entertainment_awards,List the year in which there are more than one festivals.,SELECT YEAR FROM festival_detail GROUP BY YEAR HAVING COUNT(*) > 1,SELECT Year FROM festival_detail GROUP BY Year HAVING COUNT(Festival_ID) > 1,Correct,1,1,0,none,0.9,0.9 to 1.0,1,1,948,0.000566,4774
468,V4,Llama 3.1 70B,few-shot,simple,1,entertainment_awards,What are the names of festivals held in year 2007?,SELECT Festival_Name FROM festival_detail WHERE YEAR = 2007,SELECT Festival_Name FROM festival_detail WHERE Year = 2007,Correct,1,1,0,none,1.0,0.9 to 1.0,2,2,943,0.000562,7319
469,V1,Llama 3.1 8B,zero-shot,simple,1,flight_1,Show flight number for all flights with more than 2000 distance.,SELECT flno FROM Flight WHERE distance > 2000,SELECT flno FROM flight WHERE distance > 2000,Correct,1,1,0,none,1.0,0.9 to 1.0,6,6,350,0.000018,3255
470,V2,Llama 3.1 8B,few-shot,simple,1,flight_1,Show flight number for all flights with more than 2000 distance.,SELECT flno FROM Flight WHERE distance > 2000,SELECT flno FROM flight WHERE distance > 2000,Correct,1,1,0,none,0.95,0.9 to 1.0,6,6,980,0.000050,9503
471,V3,Llama 3.1 70B,zero-shot,simple,1,flight_1,Show flight number for all flights with more than 2000 distance.,SELECT flno FROM Flight WHERE distance > 2000,SELECT flno FROM flight WHERE distance > 2000,Correct,1,1,0,none,1.0,0.9 to 1.0,6,6,350,0.000212,350
472,V4,Llama 3.1 70B,few-shot,simple,1,flight_1,Show flight number for all flights with more than 2000 distance.,SELECT flno FROM Flight WHERE distance > 2000,SELECT flno FROM flight WHERE distance > 2000,Correct,1,1,0,none,1.0,0.9 to 1.0,6,6,980,0.000583,4446
473,V1,Llama 3.1 8B,zero-shot,simple,1,game_1,How many video games have type Massively multiplayer online game?,"SELECT count(*) FROM Video_games WHERE gtype = ""Massively multiplayer online game""",SELECT COUNT(GameID) FROM Video_Games WHERE GType = 'Massively multiplayer online game',Correct,1,1,0,none,1.0,0.9 to 1.0,1,1,366,0.000019,3290
474,V1,Llama 3.1 8B,zero-shot,simple,1,game_1,What are the different types of video games?,SELECT DISTINCT gtype FROM Video_games,SELECT DISTINCT GType FROM Video_Games,Correct,1,1,0,none,1.0,0.9 to 1.0,6,6,350,0.000018,3185
475,V2,Llama 3.1 8B,few-shot,simple,1,game_1,How many video games have type Massively multiplayer online game?,"SELECT count(*) FROM Video_games WHERE gtype = ""Massively multiplayer online game""",SELECT COUNT(*) FROM Video_Games WHERE GType = 'Massively multiplayer online game',Correct,1,1,0,none,0.95,0.9 to 1.0,1,1,994,0.000051,4395
476,V2,Llama 3.1 8B,few-shot,simple,1,game_1,What are the different types of video games?,SELECT DISTINCT gtype FROM Video_games,SELECT DISTINCT GType FROM Video_Games,Correct,1,1,0,none,0.95,0.9 to 1.0,6,6,982,0.000050,9245
477,V3,Llama 3.1 70B,zero-shot,simple,1,game_1,What are the different types of video games?,SELECT DISTINCT gtype FROM Video_games,SELECT DISTINCT GType FROM Video_Games,Correct,1,1,0,none,1.0,0.9 to 1.0,6,6,350,0.000211,1543
478,V3,Llama 3.1 70B,zero-shot,simple,1,game_1,How many video games have type Massively multiplayer online game?,"SELECT count(*) FROM Video_games WHERE gtype = ""Massively multiplayer online game""",SELECT COUNT(GameID) FROM Video_Games WHERE GType = 'Massively multiplayer online game',Correct,1,1,0,none,1.0,0.9 to 1.0,1,1,366,0.000223,2714
479,V4,Llama 3.1 70B,few-shot,simple,1,game_1,How many video games have type Massively multiplayer online game?,"SELECT count(*) FROM Video_games WHERE gtype = ""Massively multiplayer online game""",SELECT COUNT(GameID) FROM Video_Games WHERE GType = 'Massively multiplayer online game',Correct,1,1,0,none,1.0,0.9 to 1.0,1,1,996,0.000594,5630
480,V4,Llama 3.1 70B,few-shot,simple,1,game_1,What are the different types of video games?,SELECT DISTINCT gtype FROM Video_games,SELECT DISTINCT GType FROM Video_Games,Correct,1,1,0,none,1.0,0.9 to 1.0,6,6,982,0.000584,4353
481,V1,Llama 3.1 8B,zero-shot,simple,1,gymnast,"Return the names of people, ordered alphabetically.",SELECT Name FROM People ORDER BY Name ASC,SELECT Name FROM people ORDER BY Name ASC,Correct,1,1,0,none,1.0,0.9 to 1.0,10,10,292,0.000015,3215
482,V1,Llama 3.1 8B,zero-shot,simple,1,gymnast,How many distinct hometowns did these people have?,SELECT count(DISTINCT Hometown) FROM people,SELECT COUNT(DISTINCT Hometown) FROM people,Correct,1,1,0,none,1.0,0.9 to 1.0,1,1,294,0.000015,2181
483,V2,Llama 3.1 8B,few-shot,simple,1,gymnast,How many distinct hometowns did these people have?,SELECT count(DISTINCT Hometown) FROM people,SELECT COUNT(DISTINCT Hometown) FROM people,Correct,1,1,0,none,0.95,0.9 to 1.0,1,1,926,0.000047,9530
484,V2,Llama 3.1 8B,few-shot,simple,1,gymnast,"Return the names of people, ordered alphabetically.",SELECT Name FROM People ORDER BY Name ASC,SELECT name FROM people ORDER BY name ASC,Correct,1,1,0,none,0.95,0.9 to 1.0,10,10,924,0.000047,13534
485,V3,Llama 3.1 70B,zero-shot,simple,1,gymnast,How many distinct hometowns did these people have?,SELECT count(DISTINCT Hometown) FROM people,SELECT COUNT(DISTINCT Hometown) FROM people,Correct,1,1,0,none,1.0,0.9 to 1.0,1,1,294,0.000178,287
486,V3,Llama 3.1 70B,zero-shot,simple,1,gymnast,"Return the names of people, ordered alphabetically.",SELECT Name FROM People ORDER BY Name ASC,SELECT Name FROM people ORDER BY Name ASC,Correct,1,1,0,none,1.0,0.9 to 1.0,10,10,292,0.000177,385
487,V4,Llama 3.1 70B,few-shot,simple,1,gymnast,How many distinct hometowns did these people have?,SELECT count(DISTINCT Hometown) FROM people,SELECT COUNT(DISTINCT Hometown) FROM people,Correct,1,1,0,none,1.0,0.9 to 1.0,1,1,926,0.000551,4550
488,V4,Llama 3.1 70B,few-shot,simple,1,gymnast,"Return the names of people, ordered alphabetically.",SELECT Name FROM People ORDER BY Name ASC,SELECT Name FROM people ORDER BY Name ASC,Correct,1,1,0,none,1.0,0.9 to 1.0,10,10,924,0.000550,4485
489,V1,Llama 3.1 8B,zero-shot,simple,1,hr_1,What are the department ids for which more than 10 employees had a commission?,SELECT department_id FROM employees GROUP BY department_id HAVING COUNT(commission_pct) > 10,SELECT T1.DEPARTMENT_ID FROM departments AS T1 JOIN employees AS T2 ON T1.DEPARTMENT_ID = T2.DEPARTMENT_ID WHERE T2.COMMISSION_PCT IS NOT NULL GROUP BY T1.DEPARTMENT_ID HAVING COUNT(T2.EMPLOYEE_ID) > 10,Correct,1,1,0,none,1.0,0.9 to 1.0,2,2,898,0.000047,8388
490,V1,Llama 3.1 8B,zero-shot,simple,1,hr_1,Which job titles correspond to jobs with salaries over 9000?,SELECT job_title FROM jobs WHERE min_salary > 9000,SELECT DISTINCT T1.JOB_TITLE FROM jobs AS T1 JOIN employees AS T2 ON T1.JOB_ID = T2.JOB_ID WHERE T2.SALARY > 9000,Silent failure,0,1,1,wrong_join,1.0,0.9 to 1.0,3,9,866,0.000045,294
491,V2,Llama 3.1 8B,few-shot,simple,1,hr_1,What are the department ids for which more than 10 employees had a commission?,SELECT department_id FROM employees GROUP BY department_id HAVING COUNT(commission_pct) > 10,SELECT department_id FROM employees GROUP BY department_id HAVING SUM(commission_pct) > 10,Silent failure,0,1,1,wrong_aggregation,0.9,0.9 to 1.0,2,0,1478,0.000075,14687
492,V2,Llama 3.1 8B,few-shot,simple,1,hr_1,Which job titles correspond to jobs with salaries over 9000?,SELECT job_title FROM jobs WHERE min_salary > 9000,SELECT T1.job_title FROM jobs AS T1 JOIN employees AS T2 ON T1.job_id = T2.job_id WHERE T2.salary > 9000,Silent failure,0,1,1,wrong_join,0.9,0.9 to 1.0,3,23,1489,0.000076,19379
493,V3,Llama 3.1 70B,zero-shot,simple,1,hr_1,Which job titles correspond to jobs with salaries over 9000?,SELECT job_title FROM jobs WHERE min_salary > 9000,SELECT JOB_TITLE FROM jobs WHERE MAX_SALARY > 9000,Silent failure,0,1,1,wrong_filter,1.0,0.9 to 1.0,3,10,840,0.000502,301
494,V3,Llama 3.1 70B,zero-shot,simple,1,hr_1,What are the department ids for which more than 10 employees had a commission?,SELECT department_id FROM employees GROUP BY department_id HAVING COUNT(commission_pct) > 10,SELECT DEPARTMENT_ID FROM employees WHERE COMMISSION_PCT IS NOT NULL GROUP BY DEPARTMENT_ID HAVING COUNT(EMPLOYEE_ID) > 10,Correct,1,1,0,none,1.0,0.9 to 1.0,2,2,861,0.000518,4471
495,V4,Llama 3.1 70B,few-shot,simple,1,hr_1,What are the department ids for which more than 10 employees had a commission?,SELECT department_id FROM employees GROUP BY department_id HAVING COUNT(commission_pct) > 10,SELECT DEPARTMENT_ID FROM employees WHERE COMMISSION_PCT IS NOT NULL GROUP BY DEPARTMENT_ID HAVING COUNT(EMPLOYEE_ID) > 10,Correct,1,1,0,none,0.9,0.9 to 1.0,2,2,1489,0.000888,354
496,V4,Llama 3.1 70B,few-shot,simple,1,hr_1,Which job titles correspond to jobs with salaries over 9000?,SELECT job_title FROM jobs WHERE min_salary > 9000,SELECT JOB_TITLE FROM jobs WHERE MAX_SALARY > 9000,Silent failure,0,1,1,wrong_filter,0.95,0.9 to 1.0,3,10,1470,0.000873,7505
497,V1,Llama 3.1 8B,zero-shot,simple,1,icfp_1,"What is the first name of the author with last name ""Ueno""?","SELECT fname FROM authors WHERE lname = ""Ueno""",SELECT fname FROM Authors WHERE lname = 'Ueno',Correct,1,1,0,none,1.0,0.9 to 1.0,1,1,324,0.000017,3368
498,V2,Llama 3.1 8B,few-shot,simple,1,icfp_1,"What is the first name of the author with last name ""Ueno""?","SELECT fname FROM authors WHERE lname = ""Ueno""",SELECT fname FROM Authors WHERE lname = 'Ueno',Correct,1,1,0,none,0.95,0.9 to 1.0,1,1,954,0.000048,10291
499,V3,Llama 3.1 70B,zero-shot,simple,1,icfp_1,"What is the first name of the author with last name ""Ueno""?","SELECT fname FROM authors WHERE lname = ""Ueno""",SELECT fname FROM Authors WHERE lname = 'Ueno',Correct,1,1,0,none,1.0,0.9 to 1.0,1,1,322,0.000195,1624
500,V4,Llama 3.1 70B,few-shot,simple,1,icfp_1,"What is the first name of the author with last name ""Ueno""?","SELECT fname FROM authors WHERE lname = ""Ueno""",SELECT fname FROM Authors WHERE lname = 'Ueno',Correct,1,1,0,none,1.0,0.9 to 1.0,1,1,954,0.000568,4447
501,V1,Llama 3.1 8B,zero-shot,simple,1,inn_1,Find the name of rooms whose base price is between 120 and 150.,SELECT roomname FROM rooms WHERE baseprice BETWEEN 120 AND 150,SELECT roomName FROM Rooms WHERE basePrice BETWEEN 120 AND 150,Correct,1,1,0,none,1.0,0.9 to 1.0,4,4,317,0.000017,135
502,V2,Llama 3.1 8B,few-shot,simple,1,inn_1,Find the name of rooms whose base price is between 120 and 150.,SELECT roomname FROM rooms WHERE baseprice BETWEEN 120 AND 150,SELECT roomName FROM Rooms WHERE basePrice BETWEEN 120 AND 150,Correct,1,1,0,none,0.95,0.9 to 1.0,4,4,947,0.000048,9470
503,V3,Llama 3.1 70B,zero-shot,simple,1,inn_1,Find the name of rooms whose base price is between 120 and 150.,SELECT roomname FROM rooms WHERE baseprice BETWEEN 120 AND 150,SELECT roomName FROM Rooms WHERE basePrice BETWEEN 120 AND 150,Correct,1,1,0,none,1.0,0.9 to 1.0,4,4,317,0.000193,561
504,V4,Llama 3.1 70B,few-shot,simple,1,inn_1,Find the name of rooms whose base price is between 120 and 150.,SELECT roomname FROM rooms WHERE baseprice BETWEEN 120 AND 150,SELECT roomName FROM Rooms WHERE basePrice BETWEEN 120 AND 150,Correct,1,1,0,none,0.95,0.9 to 1.0,4,4,947,0.000565,4428
505,V1,Llama 3.1 8B,zero-shot,simple,1,insurance_fnol,"What are the phone numbers of customers using the policy with the code ""Life Insurance""?","SELECT customer_phone FROM available_policies WHERE policy_type_code = ""Life Insurance""",SELECT AP.Customer_Phone FROM Available_Policies AP JOIN Customers_Policies CP ON AP.Policy_ID = CP.Policy_ID JOIN Customers C ON CP.Customer_ID = C.Customer_ID WHERE AP.policy_type_code = 'Life Insurance',Silent failure,0,1,1,wrong_join,1.0,0.9 to 1.0,4,1,541,0.000029,281
506,V2,Llama 3.1 8B,few-shot,simple,1,insurance_fnol,"What are the phone numbers of customers using the policy with the code ""Life Insurance""?","SELECT customer_phone FROM available_policies WHERE policy_type_code = ""Life Insurance""",SELECT T1.Customer_Phone FROM Available_Policies AS T1 JOIN Customers_Policies AS T2 ON T1.Policy_ID = T2.Policy_ID JOIN Customers AS T3 ON T2.Customer_ID = T3.Customer_ID WHERE T1.policy_type_code = 'Life Insurance',Silent failure,0,1,1,wrong_join,0.95,0.9 to 1.0,4,1,1181,0.000061,12544
507,V3,Llama 3.1 70B,zero-shot,simple,1,insurance_fnol,"What are the phone numbers of customers using the policy with the code ""Life Insurance""?","SELECT customer_phone FROM available_policies WHERE policy_type_code = ""Life Insurance""",SELECT Customer_Phone FROM Available_Policies WHERE policy_type_code = 'Life Insurance',Correct,1,1,0,none,1.0,0.9 to 1.0,4,4,510,0.000307,350
508,V4,Llama 3.1 70B,few-shot,simple,1,insurance_fnol,"What are the phone numbers of customers using the policy with the code ""Life Insurance""?","SELECT customer_phone FROM available_policies WHERE policy_type_code = ""Life Insurance""",SELECT T1.Customer_Phone FROM Available_Policies AS T1 JOIN Customers_Policies AS T2 ON T1.Policy_ID = T2.Policy_ID JOIN Customers AS T3 ON T2.Customer_ID = T3.Customer_ID WHERE T1.policy_type_code = 'Life Insurance',Silent failure,0,1,1,wrong_join,0.9,0.9 to 1.0,4,1,1187,0.000716,5657
509,V1,Llama 3.1 8B,zero-shot,simple,1,loan_1,Find the average number of customers cross all banks.,SELECT avg(no_of_customers) FROM bank,SELECT AVG(no_of_customers) FROM bank,Correct,1,1,0,none,1.0,0.9 to 1.0,1,1,301,0.000016,3262
510,V1,Llama 3.1 8B,zero-shot,simple,1,loan_1,What are the names of the different banks that have provided loans?,SELECT DISTINCT T1.bname FROM bank AS T1 JOIN loan AS T2 ON T1.branch_id = T2.branch_id,SELECT DISTINCT bname FROM bank WHERE branch_ID IN (SELECT branch_ID FROM loan),Correct,1,1,0,none,1.0,0.9 to 1.0,3,3,313,0.000017,3214
511,V2,Llama 3.1 8B,few-shot,simple,1,loan_1,What are the names of the different banks that have provided loans?,SELECT DISTINCT T1.bname FROM bank AS T1 JOIN loan AS T2 ON T1.branch_id = T2.branch_id,SELECT DISTINCT T1.bname FROM bank AS T1 JOIN loan AS T2 ON T1.branch_ID = T2.branch_ID,Correct,1,1,0,none,0.95,0.9 to 1.0,3,3,953,0.000049,9383
512,V2,Llama 3.1 8B,few-shot,simple,1,loan_1,Find the average number of customers cross all banks.,SELECT avg(no_of_customers) FROM bank,SELECT AVG(no_of_customers) FROM bank,Correct,1,1,0,none,0.95,0.9 to 1.0,1,1,933,0.000047,9276
513,V3,Llama 3.1 70B,zero-shot,simple,1,loan_1,Find the average number of customers cross all banks.,SELECT avg(no_of_customers) FROM bank,SELECT AVG(no_of_customers) FROM bank,Correct,1,1,0,none,1.0,0.9 to 1.0,1,1,301,0.000182,1492
514,V3,Llama 3.1 70B,zero-shot,simple,1,loan_1,What are the names of the different banks that have provided loans?,SELECT DISTINCT T1.bname FROM bank AS T1 JOIN loan AS T2 ON T1.branch_id = T2.branch_id,SELECT DISTINCT T1.bname FROM bank T1 JOIN loan T2 ON T1.branch_ID = T2.branch_ID,Correct,1,1,0,none,1.0,0.9 to 1.0,3,3,322,0.000198,1289
515,V4,Llama 3.1 70B,few-shot,simple,1,loan_1,What are the names of the different banks that have provided loans?,SELECT DISTINCT T1.bname FROM bank AS T1 JOIN loan AS T2 ON T1.branch_id = T2.branch_id,SELECT DISTINCT T1.bname FROM bank AS T1 JOIN loan AS T2 ON T1.branch_ID = T2.branch_ID,Correct,1,1,0,none,0.9,0.9 to 1.0,3,3,953,0.000570,1497
516,V4,Llama 3.1 70B,few-shot,simple,1,loan_1,Find the average number of customers cross all banks.,SELECT avg(no_of_customers) FROM bank,SELECT AVG(no_of_customers) FROM bank,Correct,1,1,0,none,1.0,0.9 to 1.0,1,1,933,0.000555,239
517,V1,Llama 3.1 8B,zero-shot,simple,1,manufactory_1,Select the names of all the products in the store.,SELECT Name FROM Products,SELECT Name FROM Products,Correct,1,1,0,none,1.0,0.9 to 1.0,11,11,244,0.000013,2245
518,V2,Llama 3.1 8B,few-shot,simple,1,manufactory_1,Select the names of all the products in the store.,SELECT Name FROM Products,SELECT Name FROM Products,Correct,1,1,0,none,0.95,0.9 to 1.0,11,11,876,0.000044,9468
519,V3,Llama 3.1 70B,zero-shot,simple,1,manufactory_1,Select the names of all the products in the store.,SELECT Name FROM Products,SELECT Name FROM Products,Correct,1,1,0,none,1.0,0.9 to 1.0,11,11,244,0.000148,322
520,V4,Llama 3.1 70B,few-shot,simple,1,manufactory_1,Select the names of all the products in the store.,SELECT Name FROM Products,SELECT Name FROM Products,Correct,1,1,0,none,1.0,0.9 to 1.0,11,11,876,0.000521,268
521,V1,Llama 3.1 8B,zero-shot,simple,1,mountain_photos,How many camera lenses have a focal length longer than 15 mm?,SELECT count(*) FROM camera_lens WHERE focal_length_mm > 15,SELECT COUNT(*) FROM camera_lens WHERE focal_length_mm > 15,Correct,1,1,0,none,1.0,0.9 to 1.0,1,1,316,0.000017,3209
522,V2,Llama 3.1 8B,few-shot,simple,1,mountain_photos,How many camera lenses have a focal length longer than 15 mm?,SELECT count(*) FROM camera_lens WHERE focal_length_mm > 15,SELECT COUNT(*) FROM camera_lens WHERE focal_length_mm > 15,Correct,1,1,0,none,0.95,0.9 to 1.0,1,1,946,0.000048,8258
523,V3,Llama 3.1 70B,zero-shot,simple,1,mountain_photos,How many camera lenses have a focal length longer than 15 mm?,SELECT count(*) FROM camera_lens WHERE focal_length_mm > 15,SELECT COUNT(id) FROM camera_lens WHERE focal_length_mm > 15,Correct,1,1,0,none,1.0,0.9 to 1.0,1,1,317,0.000193,1513
524,V4,Llama 3.1 70B,few-shot,simple,1,mountain_photos,How many camera lenses have a focal length longer than 15 mm?,SELECT count(*) FROM camera_lens WHERE focal_length_mm > 15,SELECT COUNT(*) FROM camera_lens WHERE focal_length_mm > 15,Correct,1,1,0,none,0.95,0.9 to 1.0,1,1,946,0.000564,4356
525,V1,Llama 3.1 8B,zero-shot,simple,1,movie_1,What are the names of the directors who made exactly one movie?,SELECT director FROM Movie GROUP BY director HAVING count(*) = 1,"SELECT T1.director FROM Movie AS T1 JOIN ( SELECT director, COUNT(mID) as count FROM Movie GROUP BY director ) AS T2 ON T1.director = T2.director WHERE T2.count = 1",Silent failure,0,1,1,wrong_join,0.9,0.9 to 1.0,4,3,295,0.000017,2242
526,V2,Llama 3.1 8B,few-shot,simple,1,movie_1,What are the names of the directors who made exactly one movie?,SELECT director FROM Movie GROUP BY director HAVING count(*) = 1,"SELECT T1.director FROM Movie AS T1 JOIN (SELECT director, COUNT(mID) as count FROM Movie GROUP BY director) AS T2 ON T1.director = T2.director WHERE T2.count = 1",Silent failure,0,1,1,wrong_join,0.95,0.9 to 1.0,4,3,917,0.000048,8385
527,V3,Llama 3.1 70B,zero-shot,simple,1,movie_1,What are the names of the directors who made exactly one movie?,SELECT director FROM Movie GROUP BY director HAVING count(*) = 1,SELECT director FROM Movie GROUP BY director HAVING COUNT(mID) = 1,Correct,1,1,0,none,1.0,0.9 to 1.0,4,4,257,0.000158,330
528,V4,Llama 3.1 70B,few-shot,simple,1,movie_1,What are the names of the directors who made exactly one movie?,SELECT director FROM Movie GROUP BY director HAVING count(*) = 1,SELECT director FROM Movie GROUP BY director HAVING COUNT(title) = 1,Correct,1,1,0,none,0.9,0.9 to 1.0,4,4,885,0.000528,4702
529,V1,Llama 3.1 8B,zero-shot,simple,1,music_1,How many Bangladeshi artists are listed?,"SELECT count(*) FROM artist WHERE country = ""Bangladesh""",SELECT COUNT(*) FROM artist WHERE country = 'Bangladesh',Correct,1,1,0,none,1.0,0.9 to 1.0,1,1,461,0.000024,346
530,V2,Llama 3.1 8B,few-shot,simple,1,music_1,How many Bangladeshi artists are listed?,"SELECT count(*) FROM artist WHERE country = ""Bangladesh""",SELECT count(*) FROM artist WHERE country = 'Bangladesh',Correct,1,1,0,none,0.95,0.9 to 1.0,1,1,1091,0.000055,6481
531,V3,Llama 3.1 70B,zero-shot,simple,1,music_1,How many Bangladeshi artists are listed?,"SELECT count(*) FROM artist WHERE country = ""Bangladesh""",SELECT COUNT(artist_name) FROM artist WHERE country = 'Bangladesh',Correct,1,1,0,none,1.0,0.9 to 1.0,1,1,463,0.000279,328
532,V4,Llama 3.1 70B,few-shot,simple,1,music_1,How many Bangladeshi artists are listed?,"SELECT count(*) FROM artist WHERE country = ""Bangladesh""",SELECT COUNT(artist_name) FROM artist WHERE country = 'Bangladesh',Correct,1,1,0,none,1.0,0.9 to 1.0,1,1,1093,0.000650,5774
533,V1,Llama 3.1 8B,zero-shot,simple,1,orchestra,List the names of conductors in ascending order of age.,SELECT Name FROM conductor ORDER BY Age ASC,SELECT Name FROM conductor ORDER BY Age ASC,Correct,1,1,0,none,1.0,0.9 to 1.0,12,12,402,0.000021,4170
534,V2,Llama 3.1 8B,few-shot,simple,1,orchestra,List the names of conductors in ascending order of age.,SELECT Name FROM conductor ORDER BY Age ASC,SELECT Name FROM conductor ORDER BY Age ASC,Correct,1,1,0,none,0.95,0.9 to 1.0,12,12,1032,0.000052,5246
535,V3,Llama 3.1 70B,zero-shot,simple,1,orchestra,List the names of conductors in ascending order of age.,SELECT Name FROM conductor ORDER BY Age ASC,SELECT Name FROM conductor ORDER BY Age ASC,Correct,1,1,0,none,1.0,0.9 to 1.0,12,12,402,0.000242,613
536,V4,Llama 3.1 70B,few-shot,simple,1,orchestra,List the names of conductors in ascending order of age.,SELECT Name FROM conductor ORDER BY Age ASC,SELECT Name FROM conductor ORDER BY Age ASC,Correct,1,1,0,none,1.0,0.9 to 1.0,12,12,1032,0.000613,4451
537,V1,Llama 3.1 8B,zero-shot,simple,1,products_gen_characteristics,Count the number of colors.,SELECT count(*) FROM ref_colors,SELECT COUNT(*) FROM Ref_Colors,Correct,1,1,0,none,1.0,0.9 to 1.0,1,1,531,0.000027,5232
538,V1,Llama 3.1 8B,zero-shot,simple,1,products_gen_characteristics,"Which category does the product named ""flax"" belong to?","SELECT product_category_code FROM products WHERE product_name = ""flax""",SELECT T2.product_category_description FROM Products AS T1 INNER JOIN Ref_Product_Categories AS T2 ON T1.product_category_code = T2.product_category_code WHERE T1.product_name = 'flax',Correct,1,1,0,none,1.0,0.9 to 1.0,1,1,576,0.000031,5363
539,V2,Llama 3.1 8B,few-shot,simple,1,products_gen_characteristics,"Which category does the product named ""flax"" belong to?","SELECT product_category_code FROM products WHERE product_name = ""flax""",SELECT T2.product_category_description FROM Products AS T1 JOIN Ref_Product_Categories AS T2 ON T1.product_category_code = T2.product_category_code WHERE T1.product_name = 'flax',Correct,1,1,0,none,0.9,0.9 to 1.0,1,1,1203,0.000062,12529
540,V2,Llama 3.1 8B,few-shot,simple,1,products_gen_characteristics,Count the number of colors.,SELECT count(*) FROM ref_colors,SELECT COUNT(*) FROM Ref_Colors,Correct,1,1,0,none,0.95,0.9 to 1.0,1,1,1163,0.000059,11280
541,V3,Llama 3.1 70B,zero-shot,simple,1,products_gen_characteristics,"Which category does the product named ""flax"" belong to?","SELECT product_category_code FROM products WHERE product_name = ""flax""",SELECT T2.product_category_code FROM Products AS T1 INNER JOIN Ref_Product_Categories AS T2 ON T1.product_category_code = T2.product_category_code WHERE T1.product_name = 'flax',Correct,1,1,0,none,1.0,0.9 to 1.0,1,1,576,0.000352,3571
542,V3,Llama 3.1 70B,zero-shot,simple,1,products_gen_characteristics,Count the number of colors.,SELECT count(*) FROM ref_colors,SELECT COUNT(color_code) FROM Ref_Colors,Correct,1,1,0,none,1.0,0.9 to 1.0,1,1,533,0.000319,2441
543,V4,Llama 3.1 70B,few-shot,simple,1,products_gen_characteristics,Count the number of colors.,SELECT count(*) FROM ref_colors,SELECT COUNT(color_code) FROM Ref_Colors,Correct,1,1,0,none,1.0,0.9 to 1.0,1,1,1165,0.000692,207
544,V4,Llama 3.1 70B,few-shot,simple,1,products_gen_characteristics,"Which category does the product named ""flax"" belong to?","SELECT product_category_code FROM products WHERE product_name = ""flax""",SELECT T3.product_category_code FROM Products AS T1 JOIN Product_Characteristics AS T2 ON T1.product_id = T2.product_id JOIN Characteristics AS T3 ON T2.characteristic_id = T3.characteristic_id WHERE T1.product_name = 'flax',Loud error,0,0,0,schema_error,0.8,0.7 to 0.9,1,,1217,0.000732,5795
545,V1,Llama 3.1 8B,zero-shot,simple,1,program_share,What is the total share (in percent) of all the channels owned by CCTV?,SELECT sum(Share_in_percent) FROM channel WHERE OWNER = 'CCTV',SELECT SUM(T1.Share_in_percent) FROM channel AS T1 JOIN broadcast AS T2 ON T1.Channel_ID = T2.Channel_ID JOIN program AS T3 ON T2.Program_ID = T3.Program_ID WHERE T3.Owner = 'CCTV',Silent failure,0,1,1,wrong_join,0.9,0.9 to 1.0,1,1,425,0.000023,3340
546,V2,Llama 3.1 8B,few-shot,simple,1,program_share,What is the total share (in percent) of all the channels owned by CCTV?,SELECT sum(Share_in_percent) FROM channel WHERE OWNER = 'CCTV',SELECT SUM(T1.share_in_percent) FROM channel AS T1 JOIN broadcast AS T2 ON T1.channel_id = T2.channel_id JOIN program AS T3 ON T2.program_id = T3.program_id WHERE T3.owner = 'CCTV',Silent failure,0,1,1,wrong_join,0.95,0.9 to 1.0,1,1,1052,0.000055,14764
547,V3,Llama 3.1 70B,zero-shot,simple,1,program_share,What is the total share (in percent) of all the channels owned by CCTV?,SELECT sum(Share_in_percent) FROM channel WHERE OWNER = 'CCTV',SELECT SUM(Share_in_percent) FROM channel WHERE Owner = 'CCTV',Correct,1,1,0,none,1.0,0.9 to 1.0,1,1,386,0.000234,2972
548,V4,Llama 3.1 70B,few-shot,simple,1,program_share,What is the total share (in percent) of all the channels owned by CCTV?,SELECT sum(Share_in_percent) FROM channel WHERE OWNER = 'CCTV',SELECT SUM(Share_in_percent) FROM channel WHERE Owner = 'CCTV',Correct,1,1,0,none,0.9,0.9 to 1.0,1,1,1016,0.000606,513
549,V1,Llama 3.1 8B,zero-shot,simple,1,protein_institute,How many buildings are there?,SELECT count(*) FROM building,SELECT COUNT(*) FROM building,Correct,1,1,0,none,1.0,0.9 to 1.0,1,1,360,0.000019,4154
550,V2,Llama 3.1 8B,few-shot,simple,1,protein_institute,How many buildings are there?,SELECT count(*) FROM building,SELECT COUNT(*) FROM building,Correct,1,1,0,none,0.95,0.9 to 1.0,1,1,992,0.000050,6599
551,V3,Llama 3.1 70B,zero-shot,simple,1,protein_institute,How many buildings are there?,SELECT count(*) FROM building,SELECT COUNT(building_id) FROM building,Correct,1,1,0,none,1.0,0.9 to 1.0,1,1,363,0.000219,1489
552,V4,Llama 3.1 70B,few-shot,simple,1,protein_institute,How many buildings are there?,SELECT count(*) FROM building,SELECT COUNT(*) FROM building,Correct,1,1,0,none,1.0,0.9 to 1.0,1,1,992,0.000589,225
553,V1,Llama 3.1 8B,zero-shot,simple,1,race_track,How many races are there?,SELECT count(*) FROM race,SELECT COUNT(Race_ID) FROM race,Correct,1,1,0,none,1.0,0.9 to 1.0,1,1,244,0.000013,2147
554,V2,Llama 3.1 8B,few-shot,simple,1,race_track,How many races are there?,SELECT count(*) FROM race,SELECT COUNT(*) FROM race,Correct,1,1,0,none,0.95,0.9 to 1.0,1,1,873,0.000044,8373
555,V3,Llama 3.1 70B,zero-shot,simple,1,race_track,How many races are there?,SELECT count(*) FROM race,SELECT COUNT(Race_ID) FROM race,Correct,1,1,0,none,1.0,0.9 to 1.0,1,1,244,0.000149,403
556,V4,Llama 3.1 70B,few-shot,simple,1,race_track,How many races are there?,SELECT count(*) FROM race,SELECT COUNT(Race_ID) FROM race,Correct,1,1,0,none,1.0,0.9 to 1.0,1,1,876,0.000521,3229
557,V1,Llama 3.1 8B,zero-shot,simple,1,railway,Show the distinct countries of managers.,SELECT DISTINCT Country FROM manager,SELECT DISTINCT Country FROM manager,Correct,1,1,0,none,1.0,0.9 to 1.0,4,4,383,0.000020,226
558,V2,Llama 3.1 8B,few-shot,simple,1,railway,Show the distinct countries of managers.,SELECT DISTINCT Country FROM manager,SELECT DISTINCT Country FROM manager,Correct,1,1,0,none,0.95,0.9 to 1.0,4,4,1015,0.000051,10360
559,V3,Llama 3.1 70B,zero-shot,simple,1,railway,Show the distinct countries of managers.,SELECT DISTINCT Country FROM manager,SELECT DISTINCT Country FROM manager,Correct,1,1,0,none,1.0,0.9 to 1.0,4,4,383,0.000230,297
560,V4,Llama 3.1 70B,few-shot,simple,1,railway,Show the distinct countries of managers.,SELECT DISTINCT Country FROM manager,SELECT DISTINCT Country FROM manager,Correct,1,1,0,none,1.0,0.9 to 1.0,4,4,1015,0.000603,5599
561,V1,Llama 3.1 8B,zero-shot,simple,1,scientist_1,Count the number of different scientists assigned to any project.,SELECT count(DISTINCT scientist) FROM assignedto,SELECT COUNT(DISTINCT Scientist) FROM AssignedTo,Correct,1,1,0,none,1.0,0.9 to 1.0,1,1,264,0.000014,2179
562,V2,Llama 3.1 8B,few-shot,simple,1,scientist_1,Count the number of different scientists assigned to any project.,SELECT count(DISTINCT scientist) FROM assignedto,SELECT COUNT(DISTINCT Scientist) FROM AssignedTo,Correct,1,1,0,none,0.95,0.9 to 1.0,1,1,896,0.000046,9273
563,V3,Llama 3.1 70B,zero-shot,simple,1,scientist_1,Count the number of different scientists assigned to any project.,SELECT count(DISTINCT scientist) FROM assignedto,SELECT COUNT(DISTINCT Scientist) FROM AssignedTo,Correct,1,1,0,none,1.0,0.9 to 1.0,1,1,265,0.000162,1445
564,V4,Llama 3.1 70B,few-shot,simple,1,scientist_1,Count the number of different scientists assigned to any project.,SELECT count(DISTINCT scientist) FROM assignedto,SELECT COUNT(DISTINCT Scientist) FROM AssignedTo,Correct,1,1,0,none,1.0,0.9 to 1.0,1,1,896,0.000534,5548
565,V1,Llama 3.1 8B,zero-shot,simple,1,small_bank_1,What are the names of all the customers in alphabetical order?,SELECT name FROM accounts ORDER BY name,SELECT name FROM ACCOUNTS ORDER BY name ASC,Correct,1,1,0,none,1.0,0.9 to 1.0,7,7,263,0.000014,3157
566,V2,Llama 3.1 8B,few-shot,simple,1,small_bank_1,What are the names of all the customers in alphabetical order?,SELECT name FROM accounts ORDER BY name,SELECT name FROM accounts ORDER BY name ASC,Correct,1,1,0,none,0.95,0.9 to 1.0,7,7,894,0.000045,4406
567,V3,Llama 3.1 70B,zero-shot,simple,1,small_bank_1,What are the names of all the customers in alphabetical order?,SELECT name FROM accounts ORDER BY name,SELECT name FROM ACCOUNTS ORDER BY name ASC,Correct,1,1,0,none,1.0,0.9 to 1.0,7,7,265,0.000162,1875
568,V4,Llama 3.1 70B,few-shot,simple,1,small_bank_1,What are the names of all the customers in alphabetical order?,SELECT name FROM accounts ORDER BY name,SELECT name FROM ACCOUNTS ORDER BY name ASC,Correct,1,1,0,none,1.0,0.9 to 1.0,7,7,895,0.000533,4525
569,V1,Llama 3.1 8B,zero-shot,simple,1,soccer_1,What is the average weight of all players?,SELECT avg(weight) FROM Player,SELECT AVG(weight) FROM Player,Correct,1,1,0,none,1.0,0.9 to 1.0,1,1,1080,0.000055,10295
570,V2,Llama 3.1 8B,few-shot,simple,1,soccer_1,What is the average weight of all players?,SELECT avg(weight) FROM Player,SELECT AVG(weight) FROM Player,Correct,1,1,0,none,0.95,0.9 to 1.0,1,1,1712,0.000086,17490
571,V3,Llama 3.1 70B,zero-shot,simple,1,soccer_1,What is the average weight of all players?,SELECT avg(weight) FROM Player,SELECT AVG(weight) FROM Player,Correct,1,1,0,none,1.0,0.9 to 1.0,1,1,1080,0.000641,5717
572,V4,Llama 3.1 70B,few-shot,simple,1,soccer_1,What is the average weight of all players?,SELECT avg(weight) FROM Player,SELECT AVG(weight) FROM Player,Correct,1,1,0,none,1.0,0.9 to 1.0,1,1,1712,0.001014,9496
573,V1,Llama 3.1 8B,zero-shot,simple,1,soccer_2,How many schools have students playing in goalie and mid-field positions?,SELECT COUNT(*) FROM (SELECT cName FROM tryout WHERE pPos = 'goalie' INTERSECT SELECT cName FROM tryout WHERE pPos = 'mid'),"SELECT COUNT(DISTINCT cName) FROM Tryout WHERE pPos IN ('Goalie', 'Mid-field')",Silent failure,0,1,1,wrong_join,1.0,0.9 to 1.0,1,1,348,0.000019,3247
574,V2,Llama 3.1 8B,few-shot,simple,1,soccer_2,How many schools have students playing in goalie and mid-field positions?,SELECT COUNT(*) FROM (SELECT cName FROM tryout WHERE pPos = 'goalie' INTERSECT SELECT cName FROM tryout WHERE pPos = 'mid'),SELECT COUNT(DISTINCT cName) FROM Tryout WHERE pPos = 'Goalie' OR pPos = 'Mid-field',Silent failure,0,1,1,wrong_join,0.95,0.9 to 1.0,1,1,982,0.000050,9470
575,V3,Llama 3.1 70B,zero-shot,simple,1,soccer_2,How many schools have students playing in goalie and mid-field positions?,SELECT COUNT(*) FROM (SELECT cName FROM tryout WHERE pPos = 'goalie' INTERSECT SELECT cName FROM tryout WHERE pPos = 'mid'),"SELECT COUNT(DISTINCT cName) FROM Tryout WHERE pPos IN ('goalie', 'mid-field')",Silent failure,0,1,1,wrong_join,1.0,0.9 to 1.0,1,1,348,0.000213,2272
576,V4,Llama 3.1 70B,few-shot,simple,1,soccer_2,How many schools have students playing in goalie and mid-field positions?,SELECT COUNT(*) FROM (SELECT cName FROM tryout WHERE pPos = 'goalie' INTERSECT SELECT cName FROM tryout WHERE pPos = 'mid'),"SELECT COUNT(DISTINCT cName) FROM Tryout WHERE pPos IN ('goalie', 'mid-field')",Silent failure,0,1,1,wrong_join,0.9,0.9 to 1.0,1,1,980,0.000586,196
577,V1,Llama 3.1 8B,zero-shot,simple,1,store_1,How many employees are living in Canada?,"SELECT count(*) FROM employees WHERE country = ""Canada"";",SELECT COUNT(*) FROM employees WHERE country = 'Canada',Correct,1,1,0,none,1.0,0.9 to 1.0,1,1,963,0.000049,9423
578,V2,Llama 3.1 8B,few-shot,simple,1,store_1,How many employees are living in Canada?,"SELECT count(*) FROM employees WHERE country = ""Canada"";",SELECT COUNT(*) FROM employees WHERE country = 'Canada',Correct,1,1,0,none,0.95,0.9 to 1.0,1,1,1593,0.000080,16355
579,V3,Llama 3.1 70B,zero-shot,simple,1,store_1,How many employees are living in Canada?,"SELECT count(*) FROM employees WHERE country = ""Canada"";",SELECT COUNT(*) FROM employees WHERE country = 'Canada',Correct,1,1,0,none,1.0,0.9 to 1.0,1,1,963,0.000574,591
580,V4,Llama 3.1 70B,few-shot,simple,1,store_1,How many employees are living in Canada?,"SELECT count(*) FROM employees WHERE country = ""Canada"";",SELECT COUNT(*) FROM employees WHERE country = 'Canada',Correct,1,1,0,none,0.9,0.9 to 1.0,1,1,1593,0.000945,8550
581,V1,Llama 3.1 8B,zero-shot,simple,1,student_1,Find the first names of all the teachers that teach in classroom 110.,SELECT firstname FROM teachers WHERE classroom = 110,SELECT FirstName FROM teachers WHERE Classroom = 110,Correct,1,1,0,none,1.0,0.9 to 1.0,1,1,242,0.000013,269
582,V2,Llama 3.1 8B,few-shot,simple,1,student_1,Find the first names of all the teachers that teach in classroom 110.,SELECT firstname FROM teachers WHERE classroom = 110,SELECT DISTINCT T1.FirstName FROM teachers AS T1 JOIN list AS T2 ON T1.Classroom = T2.Classroom WHERE T2.Classroom = 110,Correct,1,1,0,none,0.95,0.9 to 1.0,1,1,896,0.000046,8340
583,V3,Llama 3.1 70B,zero-shot,simple,1,student_1,Find the first names of all the teachers that teach in classroom 110.,SELECT firstname FROM teachers WHERE classroom = 110,SELECT FirstName FROM teachers WHERE Classroom = 110,Correct,1,1,0,none,1.0,0.9 to 1.0,1,1,242,0.000148,438
584,V4,Llama 3.1 70B,few-shot,simple,1,student_1,Find the first names of all the teachers that teach in classroom 110.,SELECT firstname FROM teachers WHERE classroom = 110,SELECT FirstName FROM teachers WHERE Classroom = 110,Correct,1,1,0,none,1.0,0.9 to 1.0,1,1,872,0.000519,4661
585,V1,Llama 3.1 8B,zero-shot,simple,1,student_assessment,List the first names of people in alphabetical order?,SELECT first_name FROM people ORDER BY first_name,SELECT first_name FROM People ORDER BY first_name ASC,Correct,1,1,0,none,1.0,0.9 to 1.0,8,8,636,0.000033,7274
586,V2,Llama 3.1 8B,few-shot,simple,1,student_assessment,List the first names of people in alphabetical order?,SELECT first_name FROM people ORDER BY first_name,SELECT first_name FROM People ORDER BY first_name ASC,Correct,1,1,0,none,0.95,0.9 to 1.0,8,8,1268,0.000064,12452
587,V3,Llama 3.1 70B,zero-shot,simple,1,student_assessment,List the first names of people in alphabetical order?,SELECT first_name FROM people ORDER BY first_name,SELECT first_name FROM People ORDER BY first_name ASC,Correct,1,1,0,none,1.0,0.9 to 1.0,8,8,638,0.000382,2450
588,V4,Llama 3.1 70B,few-shot,simple,1,student_assessment,List the first names of people in alphabetical order?,SELECT first_name FROM people ORDER BY first_name,SELECT first_name FROM People ORDER BY first_name ASC,Correct,1,1,0,none,1.0,0.9 to 1.0,8,8,1268,0.000753,6442
589,V1,Llama 3.1 8B,zero-shot,simple,1,tracking_share_transactions,Show the maximum share count of transactions where the amount is smaller than 10000,SELECT max(share_count) FROM TRANSACTIONS WHERE amount_of_transaction < 10000,SELECT MAX(T1.share_count) FROM Transactions T1 WHERE T1.amount_of_transaction < 10000,Correct,1,1,0,none,1.0,0.9 to 1.0,1,1,547,0.000028,3326
590,V2,Llama 3.1 8B,few-shot,simple,1,tracking_share_transactions,Show the maximum share count of transactions where the amount is smaller than 10000,SELECT max(share_count) FROM TRANSACTIONS WHERE amount_of_transaction < 10000,SELECT MAX(T1.share_count) FROM Transactions AS T1 WHERE T1.amount_of_transaction < 10000,Correct,1,1,0,none,0.95,0.9 to 1.0,1,1,1178,0.000060,11411
591,V3,Llama 3.1 70B,zero-shot,simple,1,tracking_share_transactions,Show the maximum share count of transactions where the amount is smaller than 10000,SELECT max(share_count) FROM TRANSACTIONS WHERE amount_of_transaction < 10000,SELECT MAX(share_count) FROM Transactions WHERE amount_of_transaction < 10000,Correct,1,1,0,none,1.0,0.9 to 1.0,1,1,542,0.000326,585
592,V4,Llama 3.1 70B,few-shot,simple,1,tracking_share_transactions,Show the maximum share count of transactions where the amount is smaller than 10000,SELECT max(share_count) FROM TRANSACTIONS WHERE amount_of_transaction < 10000,SELECT MAX(share_count) FROM Transactions WHERE amount_of_transaction < 10000,Correct,1,1,0,none,0.95,0.9 to 1.0,1,1,1172,0.000698,6700
593,V1,Llama 3.1 8B,zero-shot,simple,1,voter_2,What is the oldest age among the students?,SELECT max(Age) FROM STUDENT,SELECT MAX(Age) AS Oldest_Age FROM Student,Correct,1,1,0,none,1.0,0.9 to 1.0,1,1,416,0.000022,4342
594,V2,Llama 3.1 8B,few-shot,simple,1,voter_2,What is the oldest age among the students?,SELECT max(Age) FROM STUDENT,SELECT MAX(Age) FROM Student,Correct,1,1,0,none,0.95,0.9 to 1.0,1,1,1042,0.000053,9470
595,V3,Llama 3.1 70B,zero-shot,simple,1,voter_2,What is the oldest age among the students?,SELECT max(Age) FROM STUDENT,SELECT MAX(Age) FROM Student,Correct,1,1,0,none,1.0,0.9 to 1.0,1,1,410,0.000246,2624
596,V4,Llama 3.1 70B,few-shot,simple,1,voter_2,What is the oldest age among the students?,SELECT max(Age) FROM STUDENT,SELECT MAX(Age) FROM Student,Correct,1,1,0,none,1.0,0.9 to 1.0,1,1,1042,0.000619,372
597,V1,Llama 3.1 8B,zero-shot,simple,1,wine_1,Which wineries produce at least four wines?,SELECT Winery FROM WINE GROUP BY Winery HAVING count(*) >= 4,SELECT DISTINCT Winery FROM wine GROUP BY Winery HAVING COUNT(*) >= 4,Correct,1,1,0,none,1.0,0.9 to 1.0,23,23,363,0.000019,4286
598,V2,Llama 3.1 8B,few-shot,simple,1,wine_1,Which wineries produce at least four wines?,SELECT Winery FROM WINE GROUP BY Winery HAVING count(*) >= 4,SELECT Winery FROM wine GROUP BY Winery HAVING COUNT(*) >= 4,Correct,1,1,0,none,0.95,0.9 to 1.0,23,23,991,0.000050,9313
599,V3,Llama 3.1 70B,zero-shot,simple,1,wine_1,Which wineries produce at least four wines?,SELECT Winery FROM WINE GROUP BY Winery HAVING count(*) >= 4,SELECT Winery FROM wine GROUP BY Winery HAVING COUNT(Name) >= 4,Correct,1,1,0,none,1.0,0.9 to 1.0,23,23,363,0.000221,2311
600,V4,Llama 3.1 70B,few-shot,simple,1,wine_1,Which wineries produce at least four wines?,SELECT Winery FROM WINE GROUP BY Winery HAVING count(*) >= 4,SELECT Winery FROM wine GROUP BY Winery HAVING COUNT(*) >= 4,Correct,1,1,0,none,0.95,0.9 to 1.0,23,23,991,0.000591,4446
